Bin	BinLow	BinHigh	MC_Total	Data	DYJets	TT	Nonprompt	Others	Stat_pct	SystUp_pct	SystDn_pct	TotalUp_pct	TotalDn_pct	Pileup_Up_pct	Pileup_Dn_pct	ElectronID_Up_pct	ElectronID_Dn_pct	ElectronReco_Up_pct	ElectronReco_Dn_pct	ElectronTrig_Up_pct	ElectronTrig_Dn_pct	MuonID_Up_pct	MuonID_Dn_pct	MuonReco_Up_pct	MuonReco_Dn_pct	MuonTrig_Up_pct	MuonTrig_Dn_pct	MuonIso_Up_pct	MuonIso_Dn_pct	JER_Up_pct	JER_Dn_pct	JES_Up_pct	JES_Dn_pct	DYJets_Stat_pct	DYJets_SystUp_pct	DYJets_SystDn_pct	DYJets_TotalUp_pct	DYJets_TotalDn_pct	DYJets_Pileup_Up_pct	DYJets_Pileup_Dn_pct	DYJets_ElectronID_Up_pct	DYJets_ElectronID_Dn_pct	DYJets_ElectronReco_Up_pct	DYJets_ElectronReco_Dn_pct	DYJets_ElectronTrig_Up_pct	DYJets_ElectronTrig_Dn_pct	DYJets_MuonID_Up_pct	DYJets_MuonID_Dn_pct	DYJets_MuonReco_Up_pct	DYJets_MuonReco_Dn_pct	DYJets_MuonTrig_Up_pct	DYJets_MuonTrig_Dn_pct	DYJets_MuonIso_Up_pct	DYJets_MuonIso_Dn_pct	DYJets_JER_Up_pct	DYJets_JER_Dn_pct	DYJets_JES_Up_pct	DYJets_JES_Dn_pct	TT_Stat_pct	TT_SystUp_pct	TT_SystDn_pct	TT_TotalUp_pct	TT_TotalDn_pct	TT_Pileup_Up_pct	TT_Pileup_Dn_pct	TT_ElectronID_Up_pct	TT_ElectronID_Dn_pct	TT_ElectronReco_Up_pct	TT_ElectronReco_Dn_pct	TT_ElectronTrig_Up_pct	TT_ElectronTrig_Dn_pct	TT_MuonID_Up_pct	TT_MuonID_Dn_pct	TT_MuonReco_Up_pct	TT_MuonReco_Dn_pct	TT_MuonTrig_Up_pct	TT_MuonTrig_Dn_pct	TT_MuonIso_Up_pct	TT_MuonIso_Dn_pct	TT_JER_Up_pct	TT_JER_Dn_pct	TT_JES_Up_pct	TT_JES_Dn_pct	Nonprompt_Stat_pct	Nonprompt_SystUp_pct	Nonprompt_SystDn_pct	Nonprompt_TotalUp_pct	Nonprompt_TotalDn_pct	Nonprompt_Pileup_Up_pct	Nonprompt_Pileup_Dn_pct	Nonprompt_ElectronID_Up_pct	Nonprompt_ElectronID_Dn_pct	Nonprompt_ElectronReco_Up_pct	Nonprompt_ElectronReco_Dn_pct	Nonprompt_ElectronTrig_Up_pct	Nonprompt_ElectronTrig_Dn_pct	Nonprompt_MuonID_Up_pct	Nonprompt_MuonID_Dn_pct	Nonprompt_MuonReco_Up_pct	Nonprompt_MuonReco_Dn_pct	Nonprompt_MuonTrig_Up_pct	Nonprompt_MuonTrig_Dn_pct	Nonprompt_MuonIso_Up_pct	Nonprompt_MuonIso_Dn_pct	Nonprompt_JER_Up_pct	Nonprompt_JER_Dn_pct	Nonprompt_JES_Up_pct	Nonprompt_JES_Dn_pct	Others_Stat_pct	Others_SystUp_pct	Others_SystDn_pct	Others_TotalUp_pct	Others_TotalDn_pct	Others_Pileup_Up_pct	Others_Pileup_Dn_pct	Others_ElectronID_Up_pct	Others_ElectronID_Dn_pct	Others_ElectronReco_Up_pct	Others_ElectronReco_Dn_pct	Others_ElectronTrig_Up_pct	Others_ElectronTrig_Dn_pct	Others_MuonID_Up_pct	Others_MuonID_Dn_pct	Others_MuonReco_Up_pct	Others_MuonReco_Dn_pct	Others_MuonTrig_Up_pct	Others_MuonTrig_Dn_pct	Others_MuonIso_Up_pct	Others_MuonIso_Dn_pct	Others_JER_Up_pct	Others_JER_Dn_pct	Others_JES_Up_pct	Others_JES_Dn_pct	WR2000N100MM	WR2000N100MM_Stat_pct	WR2000N100MM_SystUp_pct	WR2000N100MM_SystDn_pct	WR2000N100MM_TotalUp_pct	WR2000N100MM_TotalDn_pct	WR2000N100MM_Pileup_Up_pct	WR2000N100MM_Pileup_Dn_pct	WR2000N100MM_ElectronID_Up_pct	WR2000N100MM_ElectronID_Dn_pct	WR2000N100MM_ElectronReco_Up_pct	WR2000N100MM_ElectronReco_Dn_pct	WR2000N100MM_ElectronTrig_Up_pct	WR2000N100MM_ElectronTrig_Dn_pct	WR2000N100MM_MuonID_Up_pct	WR2000N100MM_MuonID_Dn_pct	WR2000N100MM_MuonReco_Up_pct	WR2000N100MM_MuonReco_Dn_pct	WR2000N100MM_MuonTrig_Up_pct	WR2000N100MM_MuonTrig_Dn_pct	WR2000N100MM_MuonIso_Up_pct	WR2000N100MM_MuonIso_Dn_pct	WR2000N100MM_JER_Up_pct	WR2000N100MM_JER_Dn_pct	WR2000N100MM_JES_Up_pct	WR2000N100MM_JES_Dn_pct	WR2000N1100MM	WR2000N1100MM_Stat_pct	WR2000N1100MM_SystUp_pct	WR2000N1100MM_SystDn_pct	WR2000N1100MM_TotalUp_pct	WR2000N1100MM_TotalDn_pct	WR2000N1100MM_Pileup_Up_pct	WR2000N1100MM_Pileup_Dn_pct	WR2000N1100MM_ElectronID_Up_pct	WR2000N1100MM_ElectronID_Dn_pct	WR2000N1100MM_ElectronReco_Up_pct	WR2000N1100MM_ElectronReco_Dn_pct	WR2000N1100MM_ElectronTrig_Up_pct	WR2000N1100MM_ElectronTrig_Dn_pct	WR2000N1100MM_MuonID_Up_pct	WR2000N1100MM_MuonID_Dn_pct	WR2000N1100MM_MuonReco_Up_pct	WR2000N1100MM_MuonReco_Dn_pct	WR2000N1100MM_MuonTrig_Up_pct	WR2000N1100MM_MuonTrig_Dn_pct	WR2000N1100MM_MuonIso_Up_pct	WR2000N1100MM_MuonIso_Dn_pct	WR2000N1100MM_JER_Up_pct	WR2000N1100MM_JER_Dn_pct	WR2000N1100MM_JES_Up_pct	WR2000N1100MM_JES_Dn_pct	WR4000N100MM	WR4000N100MM_Stat_pct	WR4000N100MM_SystUp_pct	WR4000N100MM_SystDn_pct	WR4000N100MM_TotalUp_pct	WR4000N100MM_TotalDn_pct	WR4000N100MM_Pileup_Up_pct	WR4000N100MM_Pileup_Dn_pct	WR4000N100MM_ElectronID_Up_pct	WR4000N100MM_ElectronID_Dn_pct	WR4000N100MM_ElectronReco_Up_pct	WR4000N100MM_ElectronReco_Dn_pct	WR4000N100MM_ElectronTrig_Up_pct	WR4000N100MM_ElectronTrig_Dn_pct	WR4000N100MM_MuonID_Up_pct	WR4000N100MM_MuonID_Dn_pct	WR4000N100MM_MuonReco_Up_pct	WR4000N100MM_MuonReco_Dn_pct	WR4000N100MM_MuonTrig_Up_pct	WR4000N100MM_MuonTrig_Dn_pct	WR4000N100MM_MuonIso_Up_pct	WR4000N100MM_MuonIso_Dn_pct	WR4000N100MM_JER_Up_pct	WR4000N100MM_JER_Dn_pct	WR4000N100MM_JES_Up_pct	WR4000N100MM_JES_Dn_pct	WR4000N2100MM	WR4000N2100MM_Stat_pct	WR4000N2100MM_SystUp_pct	WR4000N2100MM_SystDn_pct	WR4000N2100MM_TotalUp_pct	WR4000N2100MM_TotalDn_pct	WR4000N2100MM_Pileup_Up_pct	WR4000N2100MM_Pileup_Dn_pct	WR4000N2100MM_ElectronID_Up_pct	WR4000N2100MM_ElectronID_Dn_pct	WR4000N2100MM_ElectronReco_Up_pct	WR4000N2100MM_ElectronReco_Dn_pct	WR4000N2100MM_ElectronTrig_Up_pct	WR4000N2100MM_ElectronTrig_Dn_pct	WR4000N2100MM_MuonID_Up_pct	WR4000N2100MM_MuonID_Dn_pct	WR4000N2100MM_MuonReco_Up_pct	WR4000N2100MM_MuonReco_Dn_pct	WR4000N2100MM_MuonTrig_Up_pct	WR4000N2100MM_MuonTrig_Dn_pct	WR4000N2100MM_MuonIso_Up_pct	WR4000N2100MM_MuonIso_Dn_pct	WR4000N2100MM_JER_Up_pct	WR4000N2100MM_JER_Dn_pct	WR4000N2100MM_JES_Up_pct	WR4000N2100MM_JES_Dn_pct	WR6000N100MM	WR6000N100MM_Stat_pct	WR6000N100MM_SystUp_pct	WR6000N100MM_SystDn_pct	WR6000N100MM_TotalUp_pct	WR6000N100MM_TotalDn_pct	WR6000N100MM_Pileup_Up_pct	WR6000N100MM_Pileup_Dn_pct	WR6000N100MM_ElectronID_Up_pct	WR6000N100MM_ElectronID_Dn_pct	WR6000N100MM_ElectronReco_Up_pct	WR6000N100MM_ElectronReco_Dn_pct	WR6000N100MM_ElectronTrig_Up_pct	WR6000N100MM_ElectronTrig_Dn_pct	WR6000N100MM_MuonID_Up_pct	WR6000N100MM_MuonID_Dn_pct	WR6000N100MM_MuonReco_Up_pct	WR6000N100MM_MuonReco_Dn_pct	WR6000N100MM_MuonTrig_Up_pct	WR6000N100MM_MuonTrig_Dn_pct	WR6000N100MM_MuonIso_Up_pct	WR6000N100MM_MuonIso_Dn_pct	WR6000N100MM_JER_Up_pct	WR6000N100MM_JER_Dn_pct	WR6000N100MM_JES_Up_pct	WR6000N100MM_JES_Dn_pct	WR6000N2900MM	WR6000N2900MM_Stat_pct	WR6000N2900MM_SystUp_pct	WR6000N2900MM_SystDn_pct	WR6000N2900MM_TotalUp_pct	WR6000N2900MM_TotalDn_pct	WR6000N2900MM_Pileup_Up_pct	WR6000N2900MM_Pileup_Dn_pct	WR6000N2900MM_ElectronID_Up_pct	WR6000N2900MM_ElectronID_Dn_pct	WR6000N2900MM_ElectronReco_Up_pct	WR6000N2900MM_ElectronReco_Dn_pct	WR6000N2900MM_ElectronTrig_Up_pct	WR6000N2900MM_ElectronTrig_Dn_pct	WR6000N2900MM_MuonID_Up_pct	WR6000N2900MM_MuonID_Dn_pct	WR6000N2900MM_MuonReco_Up_pct	WR6000N2900MM_MuonReco_Dn_pct	WR6000N2900MM_MuonTrig_Up_pct	WR6000N2900MM_MuonTrig_Dn_pct	WR6000N2900MM_MuonIso_Up_pct	WR6000N2900MM_MuonIso_Dn_pct	WR6000N2900MM_JER_Up_pct	WR6000N2900MM_JER_Dn_pct	WR6000N2900MM_JES_Up_pct	WR6000N2900MM_JES_Dn_pct	WR6000N700MM	WR6000N700MM_Stat_pct	WR6000N700MM_SystUp_pct	WR6000N700MM_SystDn_pct	WR6000N700MM_TotalUp_pct	WR6000N700MM_TotalDn_pct	WR6000N700MM_Pileup_Up_pct	WR6000N700MM_Pileup_Dn_pct	WR6000N700MM_ElectronID_Up_pct	WR6000N700MM_ElectronID_Dn_pct	WR6000N700MM_ElectronReco_Up_pct	WR6000N700MM_ElectronReco_Dn_pct	WR6000N700MM_ElectronTrig_Up_pct	WR6000N700MM_ElectronTrig_Dn_pct	WR6000N700MM_MuonID_Up_pct	WR6000N700MM_MuonID_Dn_pct	WR6000N700MM_MuonReco_Up_pct	WR6000N700MM_MuonReco_Dn_pct	WR6000N700MM_MuonTrig_Up_pct	WR6000N700MM_MuonTrig_Dn_pct	WR6000N700MM_MuonIso_Up_pct	WR6000N700MM_MuonIso_Dn_pct	WR6000N700MM_JER_Up_pct	WR6000N700MM_JER_Dn_pct	WR6000N700MM_JES_Up_pct	WR6000N700MM_JES_Dn_pct	WR8000N100MM	WR8000N100MM_Stat_pct	WR8000N100MM_SystUp_pct	WR8000N100MM_SystDn_pct	WR8000N100MM_TotalUp_pct	WR8000N100MM_TotalDn_pct	WR8000N100MM_Pileup_Up_pct	WR8000N100MM_Pileup_Dn_pct	WR8000N100MM_ElectronID_Up_pct	WR8000N100MM_ElectronID_Dn_pct	WR8000N100MM_ElectronReco_Up_pct	WR8000N100MM_ElectronReco_Dn_pct	WR8000N100MM_ElectronTrig_Up_pct	WR8000N100MM_ElectronTrig_Dn_pct	WR8000N100MM_MuonID_Up_pct	WR8000N100MM_MuonID_Dn_pct	WR8000N100MM_MuonReco_Up_pct	WR8000N100MM_MuonReco_Dn_pct	WR8000N100MM_MuonTrig_Up_pct	WR8000N100MM_MuonTrig_Dn_pct	WR8000N100MM_MuonIso_Up_pct	WR8000N100MM_MuonIso_Dn_pct	WR8000N100MM_JER_Up_pct	WR8000N100MM_JER_Dn_pct	WR8000N100MM_JES_Up_pct	WR8000N100MM_JES_Dn_pct	WR8000N3900MM	WR8000N3900MM_Stat_pct	WR8000N3900MM_SystUp_pct	WR8000N3900MM_SystDn_pct	WR8000N3900MM_TotalUp_pct	WR8000N3900MM_TotalDn_pct	WR8000N3900MM_Pileup_Up_pct	WR8000N3900MM_Pileup_Dn_pct	WR8000N3900MM_ElectronID_Up_pct	WR8000N3900MM_ElectronID_Dn_pct	WR8000N3900MM_ElectronReco_Up_pct	WR8000N3900MM_ElectronReco_Dn_pct	WR8000N3900MM_ElectronTrig_Up_pct	WR8000N3900MM_ElectronTrig_Dn_pct	WR8000N3900MM_MuonID_Up_pct	WR8000N3900MM_MuonID_Dn_pct	WR8000N3900MM_MuonReco_Up_pct	WR8000N3900MM_MuonReco_Dn_pct	WR8000N3900MM_MuonTrig_Up_pct	WR8000N3900MM_MuonTrig_Dn_pct	WR8000N3900MM_MuonIso_Up_pct	WR8000N3900MM_MuonIso_Dn_pct	WR8000N3900MM_JER_Up_pct	WR8000N3900MM_JER_Dn_pct	WR8000N3900MM_JES_Up_pct	WR8000N3900MM_JES_Dn_pct
9	800.0000	900.0000	405.2615	0.0000	74.0944	318.7376	4.9746	7.4549	2.2748	5.7600	4.8095	6.1929	5.3204	0.3471	0.1859	0.0000	0.0000	0.0000	0.0000	0.0000	0.0000	0.2891	0.2887	0.0000	0.0000	0.8829	0.8792	0.3244	0.3239	0.1891	0.0000	5.6615	4.7049	11.3517	13.3158	9.5351	17.4978	14.8250	0.0000	0.4231	0.0000	0.0000	0.0000	0.0000	0.0000	0.0000	0.3332	0.3326	0.0000	0.0000	1.0841	1.0781	0.3643	0.3636	1.6428	0.0000	13.1603	9.4516	1.1520	4.2253	4.0693	4.3795	4.2292	0.5049	0.1351	0.0000	0.0000	0.0000	0.0000	0.0000	0.0000	0.2775	0.2772	0.0000	0.0000	0.8382	0.8350	0.3147	0.3142	0.0000	0.0000	4.0889	3.9583	10.4147	5.8916	1.1127	11.9656	10.4740	1.9693	0.6388	0.0000	0.0000	0.0000	0.0000	0.0000	0.0000	0.3131	0.3127	0.0000	0.0000	0.7911	0.7877	0.3348	0.3343	1.3055	0.0000	5.3190	0.0000	9.3950	1.4562	1.1347	9.5072	9.4633	0.0000	0.0000	0.0000	0.0000	0.0000	0.0000	0.0000	0.0000	0.3301	0.3297	0.0000	0.0000	0.8579	0.8546	0.3361	0.3356	1.0783	0.5796	0.0000	0.0000	5.1475	8.6661	7.9471	10.1392	11.7583	13.3381	3.0241	3.7169	0.0000	0.0000	0.0000	0.0000	0.0000	0.0000	1.2373	1.2361	0.0000	0.0000	2.3269	2.3190	1.1681	1.1661	0.0000	2.4510	6.7603	8.6438	4.8011	6.5057	2.7596	2.9477	7.0668	7.1424	1.0213	0.3815	0.0000	0.0000	0.0000	0.0000	0.0000	0.0000	0.9607	0.9587	0.0000	0.0000	2.0102	1.9981	0.9102	0.9081	0.8832	1.6754	0.0000	0.0000	0.1490	6.2329	8.4610	6.1405	10.5089	8.7496	0.0000	0.0000	0.0000	0.0000	0.0000	0.0000	0.0000	0.0000	0.4175	0.4170	0.0000	0.0000	1.1032	1.0983	0.4169	0.4162	0.0000	0.0000	8.3680	6.0127	0.0021	30.9125	17.9296	18.5349	35.7359	36.0434	17.7034	15.7006	0.0000	0.0000	0.0000	0.0000	0.0000	0.0000	1.1819	1.1800	0.0000	0.0000	2.3114	2.3024	1.1497	1.1473	0.0000	5.2281	0.0000	7.8544	0.0278	4.0574	5.2270	5.5177	6.6170	6.8489	0.4601	1.1465	0.0000	0.0000	0.0000	0.0000	0.0000	0.0000	0.4480	0.4474	0.0000	0.0000	1.1288	1.1237	0.4512	0.4504	0.0000	0.7214	5.0430	5.1908	0.0000	71.5173	531.1694	3.9310	535.9624	71.6253	40.4423	0.0000	0.0000	0.0000	0.0000	0.0000	0.0000	0.0000	1.3023	1.3016	0.0000	0.0000	3.4430	3.4349	1.4016	1.3998	0.0000	0.0000	529.6129	0.0000	0.0190	3.7400	1.4564	1.2732	4.0136	3.9508	0.5880	0.0806	0.0000	0.0000	0.0000	0.0000	0.0000	0.0000	0.4142	0.4135	0.0000	0.0000	1.1295	1.1235	0.4264	0.4256	0.3825	0.0000	0.0000	0.0000	0.0086	3.3251	5.3410	5.0756	6.2914	6.0678	0.0791	0.7400	0.0000	0.0000	0.0000	0.0000	0.0000	0.0000	0.4150	0.4144	0.0000	0.0000	1.1038	1.0983	0.4237	0.4229	0.7239	0.0582	5.1406	4.8636	0.0000	0.0000	0.0000	0.0000	0.0000	0.0000	0.0000	0.0000	0.0000	0.0000	0.0000	0.0000	0.0000	0.0000	0.0000	0.0000	0.0000	0.0000	0.0000	0.0000	0.0000	0.0000	0.0000	0.0000	0.0000	0.0000
10	900.0000	1000.0000	307.1343	0.0000	50.1175	245.7330	4.0548	7.2290	2.4629	2.5504	4.3023	3.5455	4.9574	0.0000	0.0000	0.0000	0.0000	0.0000	0.0000	0.0000	0.0000	0.3130	0.3126	0.0000	0.0000	0.9174	0.9135	0.3433	0.3428	0.0000	0.0000	2.3339	4.1785	13.5153	1.1544	5.1210	13.5645	14.4530	0.0000	0.0000	0.0000	0.0000	0.0000	0.0000	0.0000	0.0000	0.3345	0.3340	0.0000	0.0000	1.0356	1.0302	0.3522	0.3517	0.1553	0.0000	0.0000	4.9928	1.3249	4.0688	3.8772	4.2791	4.0974	0.0000	0.0000	0.0000	0.0000	0.0000	0.0000	0.0000	0.0000	0.3049	0.3045	0.0000	0.0000	0.8924	0.8888	0.3384	0.3379	0.0000	0.1253	3.9436	3.7444	11.2601	2.5305	8.0199	11.5409	13.8242	0.0000	0.0000	0.0000	0.0000	0.0000	0.0000	0.0000	0.0000	0.2991	0.2988	0.0000	0.0000	0.7228	0.7205	0.3338	0.3333	0.0000	0.0000	2.3833	7.9749	10.0967	3.4262	11.2280	10.6622	15.1000	0.0000	0.0000	0.0000	0.0000	0.0000	0.0000	0.0000	0.0000	0.4457	0.4450	0.0000	0.0000	1.0605	1.0548	0.4548	0.4539	0.0000	0.0000	3.1951	11.1602	4.9757	8.2815	8.2366	4.0048	11.6801	9.1990	1.0300	0.7912	0.0000	0.0000	0.0000	0.0000	0.0000	0.0000	1.0540	1.0525	0.0000	0.0000	2.2055	2.1970	1.0102	1.0083	1.3267	0.0000	7.6174	2.9087	9.1568	4.8214	3.7088	3.4896	6.0828	5.9517	2.5250	2.2076	0.0000	0.0000	0.0000	0.0000	0.0000	0.0000	1.1029	1.1000	0.0000	0.0000	2.2506	2.2364	1.0480	1.0452	0.0000	0.0000	0.0000	0.0000	0.1464	6.2370	9.5520	3.9888	11.4079	7.4034	6.5754	3.6853	0.0000	0.0000	0.0000	0.0000	0.0000	0.0000	0.5219	0.5209	0.0000	0.0000	1.2798	1.2719	0.5213	0.5202	2.3669	0.4111	6.3420	0.0000	0.0033	25.7680	18.5925	6.8157	31.7753	26.6541	7.2982	5.0364	0.0000	0.0000	0.0000	0.0000	0.0000	0.0000	1.4638	1.4605	0.0000	0.0000	2.9282	2.9078	1.4345	1.4308	0.0000	2.9074	16.7226	0.0000	0.0273	4.1684	2.6670	6.2034	4.9486	7.4738	0.0000	0.0000	0.0000	0.0000	0.0000	0.0000	0.0000	0.0000	0.5500	0.5490	0.0000	0.0000	1.3609	1.3531	0.5528	0.5516	0.4934	0.0000	2.0999	6.0039	0.0001	44.8435	4.0014	3.9692	45.0217	45.0188	0.0000	0.0000	0.0000	0.0000	0.0000	0.0000	0.0000	0.0000	1.8521	1.8438	0.0000	0.0000	3.2077	3.1757	1.5138	1.5064	0.0000	0.0000	0.0000	0.0000	0.0353	2.7370	2.4152	1.8124	3.6503	3.2827	1.9966	1.1977	0.0000	0.0000	0.0000	0.0000	0.0000	0.0000	0.4479	0.4470	0.0000	0.0000	1.1982	1.1916	0.4591	0.4582	0.0000	0.1434	0.0000	0.0000	0.0090	3.4110	4.6659	4.4324	5.7798	5.5930	0.0000	0.0000	0.0000	0.0000	0.0000	0.0000	0.0000	0.0000	0.5211	0.5203	0.0000	0.0000	1.3214	1.3145	0.5155	0.5145	0.7740	0.0093	4.3461	4.1693	0.0000	70.8630	4.5903	46.9398	71.0115	84.9995	0.0000	0.0000	0.0000	0.0000	0.0000	0.0000	0.0000	0.0000	2.3036	2.3008	0.0000	0.0000	3.4958	3.4841	1.8824	1.8792	0.0000	0.0000	0.0000	46.7160
11	1000.0000	1100.0000	235.9831	0.0000	42.8697	183.6119	3.3397	6.1619	2.8958	5.6791	5.6240	6.3748	6.3257	0.1746	0.4026	0.0000	0.0000	0.0000	0.0000	0.0000	0.0000	0.3838	0.3829	0.0000	0.0000	1.0462	1.0407	0.4096	0.4085	0.0872	0.1628	5.5502	5.4813	14.4240	9.1897	5.7306	17.1027	15.5207	0.5161	1.7283	0.0000	0.0000	0.0000	0.0000	0.0000	0.0000	0.6516	0.6491	0.0000	0.0000	1.5362	1.5232	0.6620	0.6589	0.0000	0.0000	8.9979	5.1650	1.5300	5.0610	5.6831	5.2872	5.8854	0.0000	0.0744	0.0000	0.0000	0.0000	0.0000	0.0000	0.0000	0.3181	0.3177	0.0000	0.0000	0.9286	0.9248	0.3485	0.3479	0.4864	0.1541	4.9287	5.5849	12.4557	5.1670	8.7849	13.4849	15.2420	0.0000	0.0000	0.0000	0.0000	0.0000	0.0000	0.0000	0.0000	0.3738	0.3735	0.0000	0.0000	0.8913	0.8874	0.3998	0.3992	0.0000	2.4348	5.0600	8.3761	10.2156	4.3751	3.7941	11.1130	10.8974	4.1301	1.7871	0.0000	0.0000	0.0000	0.0000	0.0000	0.0000	0.4815	0.4807	0.0000	0.0000	1.2255	1.2193	0.4780	0.4771	0.0000	0.3230	0.3490	3.0251	6.4445	7.8427	3.5603	4.0284	8.6130	8.8168	0.0000	0.0000	0.0000	0.0000	0.0000	0.0000	0.0000	0.0000	1.2683	1.2667	0.0000	0.0000	2.3852	2.3738	1.1528	1.1506	0.0000	1.2573	2.0123	2.4665	15.5669	3.7052	3.2486	3.1568	4.9277	4.8677	1.4524	0.9248	0.0000	0.0000	0.0000	0.0000	0.0000	0.0000	1.1884	1.1855	0.0000	0.0000	2.3756	2.3586	1.1114	1.1084	0.3911	0.9557	0.0000	0.0000	0.1539	6.0010	2.8670	10.7455	6.6507	12.3076	0.0000	0.0000	0.0000	0.0000	0.0000	0.0000	0.0000	0.0000	0.8020	0.8003	0.0000	0.0000	1.7947	1.7823	0.7880	0.7860	0.0000	0.0000	1.9326	10.5371	0.0082	18.3743	6.6454	4.5657	19.5390	18.9330	0.0000	0.0000	0.0000	0.0000	0.0000	0.0000	0.0000	0.0000	1.9453	1.9392	0.0000	0.0000	3.6960	3.6616	1.8652	1.8586	4.8205	0.4725	0.0000	0.0000	0.0254	4.2401	12.3013	3.4632	13.0115	5.4747	0.5310	1.1954	0.0000	0.0000	0.0000	0.0000	0.0000	0.0000	0.7230	0.7214	0.0000	0.0000	1.6196	1.6099	0.6883	0.6867	0.0000	0.3971	12.1416	2.6122	0.0001	33.1131	4.1026	5.4034	33.3663	33.5511	0.2823	3.5478	0.0000	0.0000	0.0000	0.0000	0.0000	0.0000	1.8616	1.8590	0.0000	0.0000	3.2905	3.2718	1.5680	1.5650	0.0000	0.0000	0.0000	0.0000	0.0517	2.2808	1.6601	1.6140	2.8210	2.7941	0.3491	0.0000	0.0000	0.0000	0.0000	0.0000	0.0000	0.0000	0.5694	0.5681	0.0000	0.0000	1.4101	1.4008	0.5670	0.5656	0.0000	0.0000	0.0000	0.0000	0.0082	3.5454	6.9918	7.1723	7.8394	8.0008	0.0000	0.0000	0.0000	0.0000	0.0000	0.0000	0.0000	0.0000	0.7275	0.7261	0.0000	0.0000	1.6134	1.6041	0.6976	0.6960	0.2166	0.3910	6.7245	6.9068	0.0000	53.2680	16.6145	14.7311	55.7989	55.2674	15.8242	13.8466	0.0000	0.0000	0.0000	0.0000	0.0000	0.0000	2.2875	2.2787	0.0000	0.0000	3.9463	3.9110	2.1978	2.1881	0.0000	0.0000	0.0000	0.0000
12	1100.0000	1200.0000	177.6224	0.0000	41.9059	128.6236	2.4866	4.6062	4.0522	3.3130	4.9177	5.2342	6.3721	0.0000	0.0000	0.0000	0.0000	0.0000	0.0000	0.0000	0.0000	0.4889	0.4880	0.0000	0.0000	1.3068	1.2998	0.4856	0.4846	0.6881	0.0000	2.8845	4.6927	16.0970	4.1929	3.8216	16.6341	16.5445	0.0000	0.0000	0.0000	0.0000	0.0000	0.0000	0.0000	0.0000	0.8507	0.8488	0.0000	0.0000	2.1499	2.1358	0.7580	0.7563	3.4147	0.0000	0.0000	2.9581	1.8875	5.0859	5.8087	5.4248	6.1077	0.0000	0.0000	0.0000	0.0000	0.0000	0.0000	0.0000	0.0000	0.3704	0.3698	0.0000	0.0000	1.0388	1.0340	0.3960	0.3952	0.0000	0.0000	4.9490	5.6902	14.7712	5.3498	1.3562	15.7102	14.8334	0.7697	0.0000	0.0000	0.0000	0.0000	0.0000	0.0000	0.0000	0.4844	0.4834	0.0000	0.0000	1.1727	1.1674	0.4937	0.4927	0.0000	0.0000	5.1161	0.0000	11.3567	8.0192	1.4154	13.9026	11.4446	0.4189	0.2896	0.0000	0.0000	0.0000	0.0000	0.0000	0.0000	0.5088	0.5075	0.0000	0.0000	1.1935	1.1868	0.5048	0.5034	0.0000	0.0000	7.8863	0.0000	7.1740	7.6115	3.9809	10.2732	8.5897	12.7857	0.0000	0.0000	0.0000	0.0000	0.0000	0.0000	0.0000	0.0000	1.5275	1.5245	0.0000	0.0000	2.8269	2.8120	1.4318	1.4285	1.8636	0.0000	0.0000	9.6575	25.6207	2.9004	3.2800	3.2591	4.3784	4.3628	0.0000	0.0000	0.0000	0.0000	0.0000	0.0000	0.0000	0.0000	1.3729	1.3690	0.0000	0.0000	2.6857	2.6641	1.2887	1.2847	0.0000	0.0000	0.0000	0.0000	0.1232	6.5319	13.1473	8.6430	14.6805	10.8336	0.0000	0.0000	0.0000	0.0000	0.0000	0.0000	0.0000	0.0000	1.0707	1.0685	0.0000	0.0000	2.1106	2.0977	1.0117	1.0093	2.3715	1.3835	12.6730	8.1380	0.0145	14.0244	4.6838	10.5021	14.7859	17.5208	0.0000	0.0000	0.0000	0.0000	0.0000	0.0000	0.0000	0.0000	1.9193	1.9109	0.0000	0.0000	3.4527	3.4227	1.8077	1.8003	0.0000	3.8059	1.7509	8.7864	0.0235	4.3675	4.8213	7.8702	6.5054	9.0009	1.0401	0.4238	0.0000	0.0000	0.0000	0.0000	0.0000	0.0000	0.9961	0.9931	0.0000	0.0000	2.0026	1.9874	0.9217	0.9189	0.0000	0.0000	4.0386	7.4820	0.0001	26.6884	19.7876	24.2570	33.2238	36.0649	9.8890	12.4631	0.0000	0.0000	0.0000	0.0000	0.0000	0.0000	2.0007	1.9948	0.0000	0.0000	4.0052	3.9657	1.8591	1.8519	0.0000	12.1896	16.4395	16.1664	0.0623	2.0378	2.1510	2.0311	2.9630	2.8772	0.0013	0.0000	0.0000	0.0000	0.0000	0.0000	0.0000	0.0000	0.7685	0.7660	0.0000	0.0000	1.7400	1.7264	0.7496	0.7471	0.0000	0.0000	0.6684	0.0000	0.0072	3.7846	4.0331	4.3687	5.5308	5.7801	0.0000	0.0000	0.0000	0.0000	0.0000	0.0000	0.0000	0.0000	0.9371	0.9340	0.0000	0.0000	1.9896	1.9748	0.8943	0.8912	0.0000	0.0000	3.2603	3.6769	0.0000	44.9174	37.3961	4.9233	58.4469	45.1864	0.0000	0.0000	0.0000	0.0000	0.0000	0.0000	0.0000	0.0000	2.2573	2.2399	0.0000	0.0000	3.9807	3.9258	1.9641	1.9519	0.0000	0.0000	37.0630	0.0000
13	1200.0000	1300.0000	116.0432	0.0000	23.7000	86.3182	2.0614	3.9635	4.3585	9.0258	8.4878	10.0231	9.5414	0.0000	0.0000	0.0000	0.0000	0.0000	0.0000	0.0000	0.0000	0.5000	0.4986	0.0000	0.0000	1.2549	1.2477	0.5005	0.4991	0.0000	0.2316	8.9101	8.3627	19.5112	20.7922	27.1951	28.5132	33.4703	0.0000	0.0000	0.0000	0.0000	0.0000	0.0000	0.0000	0.0000	0.8448	0.8407	0.0000	0.0000	1.8673	1.8538	0.7765	0.7733	0.0000	0.5472	20.6764	27.1022	2.2514	5.4021	3.6139	5.8525	4.2579	0.0614	0.0000	0.0000	0.0000	0.0000	0.0000	0.0000	0.0000	0.3934	0.3927	0.0000	0.0000	1.0730	1.0677	0.4119	0.4111	0.4185	0.2699	5.2467	3.3948	16.4369	15.0095	6.6770	22.2588	17.7413	0.0000	0.0000	0.0000	0.0000	0.0000	0.0000	0.0000	0.0000	0.5598	0.5590	0.0000	0.0000	1.3855	1.3744	0.6449	0.6436	6.5321	0.0000	13.4151	6.4782	13.9739	16.1010	5.9743	21.3193	15.1975	0.0000	0.0000	0.0000	0.0000	0.0000	0.0000	0.0000	0.0000	0.7286	0.7269	0.0000	0.0000	1.4882	1.4781	0.7030	0.7011	0.5028	1.5662	15.9922	5.4803	7.3312	7.3113	10.1535	6.4089	12.5119	9.7226	2.4317	2.9872	0.0000	0.0000	0.0000	0.0000	0.0000	0.0000	1.5753	1.5725	0.0000	0.0000	2.9742	2.9537	1.4311	1.4279	0.0000	0.0000	9.1545	4.3491	42.4199	2.2545	3.4567	3.4277	4.1269	4.1027	0.7749	0.7599	0.0000	0.0000	0.0000	0.0000	0.0000	0.0000	1.4139	1.4077	0.0000	0.0000	2.7591	2.7328	1.3177	1.3122	0.0170	0.0000	0.0000	0.0000	0.1180	7.0111	2.6423	2.6207	7.4925	7.4849	0.0000	0.0000	0.0000	0.0000	0.0000	0.0000	0.0000	0.0000	1.0593	1.0549	0.0000	0.0000	2.2001	2.1822	1.0008	0.9966	0.1318	0.0000	0.0000	0.0000	0.0196	11.5049	5.9506	6.0869	12.9527	13.0159	4.1753	4.2562	0.0000	0.0000	0.0000	0.0000	0.0000	0.0000	1.7990	1.7884	0.0000	0.0000	3.4411	3.3966	1.7028	1.6926	0.0000	1.1555	0.0000	0.0000	0.0208	4.6758	7.2378	5.3298	8.6168	7.0901	0.2916	0.0000	0.0000	0.0000	0.0000	0.0000	0.0000	0.0000	1.1678	1.1628	0.0000	0.0000	2.3697	2.3473	1.0981	1.0932	0.5114	1.0633	6.6222	4.3839	0.0002	26.4546	5.5700	9.2989	27.0346	28.0413	1.7625	4.3784	0.0000	0.0000	0.0000	0.0000	0.0000	0.0000	2.1547	2.1280	0.0000	0.0000	4.4193	4.3370	1.9353	1.9175	0.0000	2.3755	0.0000	5.8857	0.0703	1.9485	2.7003	2.8068	3.3299	3.4168	0.4962	0.9759	0.0000	0.0000	0.0000	0.0000	0.0000	0.0000	1.0612	1.0560	0.0000	0.0000	2.2141	2.1916	1.0084	1.0036	0.0000	0.0000	0.0000	0.0000	0.0064	4.0255	7.5448	7.3502	8.5515	8.3804	0.0000	0.0000	0.0000	0.0000	0.0000	0.0000	0.0000	0.0000	1.2040	1.1968	0.0000	0.0000	2.3811	2.3554	1.1232	1.1166	0.0066	0.0614	6.9673	6.7672	0.0000	40.4580	5.5090	5.4534	40.8314	40.8239	0.0000	0.0000	0.0000	0.0000	0.0000	0.0000	0.0000	0.0000	2.5556	2.5437	0.0000	0.0000	4.3158	4.2573	2.2788	2.2682	0.0000	0.0000	0.0000	0.0000
14	1300.0000	1400.0000	82.6297	0.0000	16.3483	61.6525	1.4724	3.1566	4.8858	9.7078	2.8497	10.8680	5.6562	2.9629	1.5162	0.0000	0.0000	0.0000	0.0000	0.0000	0.0000	0.6558	0.6541	0.0000	0.0000	1.5085	1.4983	0.6407	0.6389	0.4154	0.0000	9.0650	1.6556	22.3402	21.7652	8.5112	31.1898	23.9066	15.0048	7.8200	0.0000	0.0000	0.0000	0.0000	0.0000	0.0000	1.3955	1.3912	0.0000	0.0000	2.8058	2.7805	1.2769	1.2728	0.0000	0.0000	15.3989	0.0000	2.6513	8.7277	5.5215	9.1215	6.1250	0.0000	0.0000	0.0000	0.0000	0.0000	0.0000	0.0000	0.0000	0.4553	0.4543	0.0000	0.0000	1.1550	1.1487	0.4658	0.4647	0.7214	0.0000	8.5961	5.3614	19.7681	1.6775	14.1350	19.8391	24.3017	0.0000	2.9406	0.0000	0.0000	0.0000	0.0000	0.0000	0.0000	0.6803	0.6787	0.0000	0.0000	1.3632	1.3545	0.7018	0.6999	0.0000	10.5891	0.0240	8.7314	14.2852	3.4366	6.3473	14.6928	15.6319	2.7631	0.3720	0.0000	0.0000	0.0000	0.0000	0.0000	0.0000	0.7279	0.7258	0.0000	0.0000	1.7633	1.7517	0.7325	0.7304	0.0000	3.7167	0.0000	4.7124	7.1053	7.4837	4.3118	6.7760	8.6370	10.0956	0.6915	1.0060	0.0000	0.0000	0.0000	0.0000	0.0000	0.0000	1.7054	1.6950	0.0000	0.0000	3.2565	3.2224	1.5881	1.5794	0.4513	0.7752	1.3689	5.3432	69.8149	1.7728	3.8601	3.8189	4.2477	4.2103	0.1144	0.1249	0.0000	0.0000	0.0000	0.0000	0.0000	0.0000	1.6450	1.6342	0.0000	0.0000	3.1216	3.0818	1.5192	1.5096	0.3588	0.3485	0.0000	0.0000	0.0999	7.8057	16.0442	6.1990	17.8422	9.9678	0.2733	0.8095	0.0000	0.0000	0.0000	0.0000	0.0000	0.0000	1.2484	1.2446	0.0000	0.0000	2.4529	2.4335	1.1515	1.1476	1.7657	0.0000	15.6628	5.3838	0.0302	9.1386	5.2513	6.6768	10.5399	11.3178	0.9678	0.0000	0.0000	0.0000	0.0000	0.0000	0.0000	0.0000	2.2556	2.2410	0.0000	0.0000	4.1482	4.0856	2.0845	2.0711	0.0000	0.0000	0.0000	4.3100	0.0167	5.2311	8.0587	8.0229	9.6077	9.5777	0.1303	0.1902	0.0000	0.0000	0.0000	0.0000	0.0000	0.0000	1.3607	1.3523	0.0000	0.0000	2.6913	2.6605	1.2645	1.2577	1.5608	0.0000	7.1969	7.3378	0.0003	22.2311	7.8569	5.1751	23.5786	22.8255	0.0000	0.0000	0.0000	0.0000	0.0000	0.0000	0.0000	0.0000	2.3895	2.3734	0.0000	0.0000	4.0663	4.0083	2.1278	2.1124	0.0000	0.7872	5.9125	0.0000	0.0740	1.9017	3.6164	3.5794	4.0859	4.0532	0.3596	0.0000	0.0000	0.0000	0.0000	0.0000	0.0000	0.0000	1.5285	1.5181	0.0000	0.0000	2.9348	2.8962	1.4140	1.4050	0.0000	0.3820	0.0000	0.0000	0.0049	4.5190	9.8131	3.7235	10.8036	5.8554	1.2210	1.2107	0.0000	0.0000	0.0000	0.0000	0.0000	0.0000	1.2306	1.2266	0.0000	0.0000	2.4452	2.4257	1.1465	1.1426	1.1842	0.0000	9.1976	1.9246	0.0000	37.5700	62.8371	12.8123	73.2120	39.6946	0.0000	0.0000	0.0000	0.0000	0.0000	0.0000	0.0000	0.0000	2.2525	2.2433	0.0000	0.0000	4.1713	4.1300	2.0102	2.0021	21.6655	0.0000	58.7587	11.7498
15	1400.0000	1500.0000	65.5250	0.0000	18.3752	44.4503	0.9836	1.7160	7.1944	2.2641	2.2370	7.5422	7.5341	0.0000	0.0000	0.0000	0.0000	0.0000	0.0000	0.0000	0.0000	0.8431	0.8389	0.0000	0.0000	1.9174	1.8955	0.8452	0.8412	0.1558	0.0000	0.0000	0.0000	24.4582	4.6653	5.2298	24.8992	25.0111	0.0000	0.0000	0.0000	0.0000	0.0000	0.0000	0.0000	0.0000	1.8286	1.8155	0.0000	0.0000	3.8319	3.7689	1.8019	1.7901	0.7009	2.5779	0.0000	0.0000	3.0747	4.4295	7.8206	5.3921	8.4033	0.0000	0.0000	0.0000	0.0000	0.0000	0.0000	0.0000	0.0000	0.4468	0.4459	0.0000	0.0000	1.1481	1.1424	0.4606	0.4596	0.0000	0.0000	4.2298	7.7102	23.1931	7.8586	4.1279	24.4883	23.5575	0.8165	3.7857	0.0000	0.0000	0.0000	0.0000	0.0000	0.0000	0.5888	0.5882	0.0000	0.0000	1.4092	1.4046	0.6249	0.6240	7.6399	0.0002	0.0000	0.0000	18.8543	7.7880	1.9008	20.3994	18.9499	0.0000	0.0000	0.0000	0.0000	0.0000	0.0000	0.0000	0.0000	0.7036	0.7025	0.0000	0.0000	1.6366	1.6267	0.6897	0.6881	0.0000	0.0000	7.5501	0.0000	7.6419	7.3952	11.9179	3.8025	14.0258	8.3155	0.0000	0.0000	0.0000	0.0000	0.0000	0.0000	0.0000	0.0000	1.6131	1.6076	0.0000	0.0000	3.0332	3.0045	1.4885	1.4830	1.8781	0.3084	11.1575	0.7440	108.5094	1.4148	4.2520	4.1972	4.4812	4.4292	0.0000	0.0785	0.0000	0.0000	0.0000	0.0000	0.0000	0.0000	1.8332	1.8179	0.0000	0.0000	3.4432	3.3893	1.6921	1.6788	0.0000	0.0000	0.0000	0.0000	0.0802	8.0830	4.4205	7.6507	9.2128	11.1296	0.0000	0.0000	0.0000	0.0000	0.0000	0.0000	0.0000	0.0000	1.3802	1.3752	0.0000	0.0000	2.7160	2.6921	1.2711	1.2664	0.0000	2.9597	2.9400	6.2475	0.0366	8.4107	7.0105	5.5205	10.9493	10.0606	0.0000	0.0000	0.0000	0.0000	0.0000	0.0000	0.0000	0.0000	2.4243	2.4045	0.0000	0.0000	4.4475	4.3739	2.2682	2.2499	4.2831	0.7087	0.0000	0.0000	0.0148	5.7266	3.5385	3.9455	6.7316	6.9542	0.0000	0.0000	0.0000	0.0000	0.0000	0.0000	0.0000	0.0000	1.4530	1.4457	0.0000	0.0000	2.7537	2.7216	1.3284	1.3211	0.0000	2.0769	1.0308	0.1062	0.0003	19.1136	14.6500	9.2654	24.0822	21.2409	0.0000	0.0000	0.0000	0.0000	0.0000	0.0000	0.0000	0.0000	3.1546	3.0956	0.0000	0.0000	5.1483	5.0109	2.8016	2.7518	2.0234	0.0000	12.8927	6.6018	0.0750	1.8795	4.3295	4.3445	4.7198	4.7337	0.0000	0.0000	0.0000	0.0000	0.0000	0.0000	0.0000	0.0000	1.8717	1.8568	0.0000	0.0000	3.4958	3.4426	1.7328	1.7196	0.1354	0.0000	0.0000	0.7867	0.0045	4.7549	4.4594	9.2150	6.5188	10.3694	0.0000	0.0000	0.0000	0.0000	0.0000	0.0000	0.0000	0.0000	1.4350	1.4278	0.0000	0.0000	2.7339	2.7044	1.3008	1.2945	0.0000	2.0038	2.9430	8.3590	0.0000	34.2673	7.5014	12.7216	35.0788	36.5526	2.7198	0.0000	0.0000	0.0000	0.0000	0.0000	0.0000	0.0000	3.1780	3.1368	0.0000	0.0000	5.4659	5.3414	2.9829	2.9486	0.0000	10.7133	0.0000	0.0000
16	1500.0000	1600.0000	59.6217	0.0000	23.9377	32.6782	0.9699	2.0360	9.6184	7.9725	12.7566	12.4930	15.9764	0.0000	0.0000	0.0000	0.0000	0.0000	0.0000	0.0000	0.0000	0.9101	0.9035	0.0000	0.0000	1.9018	1.8800	0.8483	0.8439	0.4497	0.0000	7.6285	12.5566	23.3906	16.2427	21.3747	28.4771	31.6859	0.0000	0.0000	0.0000	0.0000	0.0000	0.0000	0.0000	0.0000	1.5017	1.4868	0.0000	0.0000	2.9240	2.8789	1.3528	1.3435	0.0000	0.0000	15.8490	21.0850	3.5758	4.1866	6.8590	5.5058	7.7351	1.3267	1.2591	0.0000	0.0000	0.0000	0.0000	0.0000	0.0000	0.4879	0.4870	0.0000	0.0000	1.1872	1.1813	0.4867	0.4857	0.7381	0.0000	3.6521	6.6024	23.6609	1.6511	3.5240	23.7185	23.9219	0.8647	0.0000	0.0000	0.0000	0.0000	0.0000	0.0000	0.0000	0.5346	0.5333	0.0000	0.0000	1.1628	1.1556	0.5838	0.5825	0.0000	0.0000	0.0000	3.2341	16.8634	2.9101	12.8120	17.1126	21.1783	1.2660	2.6615	0.0000	0.0000	0.0000	0.0000	0.0000	0.0000	0.9093	0.9060	0.0000	0.0000	1.7056	1.6938	0.8473	0.8443	1.5531	1.2400	0.0000	12.2932	8.5125	6.7716	7.7565	9.1886	10.2965	11.4142	4.8567	4.0242	0.0000	0.0000	0.0000	0.0000	0.0000	0.0000	1.7743	1.7670	0.0000	0.0000	3.2600	3.2277	1.6394	1.6318	0.0000	0.5154	4.4847	7.1949	171.3642	1.1220	4.6094	4.5173	4.7440	4.6546	0.2193	0.1774	0.0000	0.0000	0.0000	0.0000	0.0000	0.0000	1.9887	1.9708	0.0000	0.0000	3.6975	3.6351	1.8254	1.8101	0.4897	0.0000	0.0000	0.0000	0.0732	8.1985	12.8753	9.1671	15.2640	12.2984	1.7046	0.5482	0.0000	0.0000	0.0000	0.0000	0.0000	0.0000	1.5596	1.5539	0.0000	0.0000	3.0940	3.0620	1.4797	1.4737	0.0000	0.0000	12.1932	8.3530	0.0562	6.8971	5.1240	6.3748	8.5922	9.3919	1.5547	0.0000	0.0000	0.0000	0.0000	0.0000	0.0000	0.0000	2.1163	2.1024	0.0000	0.0000	3.9391	3.8836	1.9606	1.9477	0.0000	0.0000	0.0000	4.1644	0.0122	6.3949	14.6464	10.0399	15.9816	11.9036	0.0000	0.0000	0.0000	0.0000	0.0000	0.0000	0.0000	0.0000	1.8010	1.7887	0.0000	0.0000	3.2504	3.2059	1.6124	1.6021	1.8898	0.0000	13.9477	9.2063	0.0004	16.6861	6.2816	9.0917	17.8293	19.0022	0.0000	0.0000	0.0000	0.0000	0.0000	0.0000	0.0000	0.0000	2.6209	2.5860	0.0000	0.0000	4.9318	4.8339	2.4249	2.3952	1.5451	0.0000	0.0000	6.8460	0.0757	1.8869	5.2475	4.6293	5.5764	4.9991	0.0000	0.0000	0.0000	0.0000	0.0000	0.0000	0.0000	0.0000	2.0501	2.0318	0.0000	0.0000	3.7841	3.7219	1.8730	1.8574	0.0000	0.0000	2.3463	0.0000	0.0039	5.0489	4.8451	7.2477	6.9976	8.8329	0.1194	0.2571	0.0000	0.0000	0.0000	0.0000	0.0000	0.0000	1.7494	1.7389	0.0000	0.0000	3.2945	3.2552	1.6072	1.5980	1.0011	0.4490	2.4415	6.0074	0.0000	32.6132	25.8109	5.5876	41.5911	33.0884	0.0000	0.0000	0.0000	0.0000	0.0000	0.0000	0.0000	0.0000	2.4025	2.3915	0.0000	0.0000	4.6669	4.6170	2.0551	2.0458	5.4574	0.0000	24.5895	0.0000
17	1600.0000	1700.0000	37.8988	0.0000	13.3553	22.7606	0.5402	1.2428	10.8703	7.8782	2.8505	13.4250	11.2379	0.2182	1.0391	0.0000	0.0000	0.0000	0.0000	0.0000	0.0000	0.7308	0.7260	0.0000	0.0000	1.6846	1.6690	0.7046	0.7012	0.6092	1.4901	7.6012	1.0104	29.8794	2.6164	3.4229	29.9937	30.0748	0.0000	2.2435	0.0000	0.0000	0.0000	0.0000	0.0000	0.0000	0.9946	0.9840	0.0000	0.0000	2.2297	2.2006	0.9408	0.9340	0.0000	0.0000	0.0000	0.0000	4.2852	10.9016	4.8746	11.7136	6.4903	1.0912	0.5904	0.0000	0.0000	0.0000	0.0000	0.0000	0.0000	0.5540	0.5527	0.0000	0.0000	1.3220	1.3145	0.5430	0.5416	1.2073	2.5069	10.6700	3.8473	27.4375	53.8653	16.6204	60.4507	32.0789	4.6828	9.7127	0.0000	0.0000	0.0000	0.0000	0.0000	0.0000	1.3167	1.3116	0.0000	0.0000	2.6352	2.6099	1.3586	1.3524	0.8620	0.5957	53.5563	13.0838	22.0423	20.8007	9.1949	30.3073	23.8832	0.0000	0.0000	0.0000	0.0000	0.0000	0.0000	0.0000	0.0000	0.8767	0.8733	0.0000	0.0000	2.0544	2.0377	0.8426	0.8398	0.0000	0.0000	20.6633	8.8840	10.6395	6.0496	4.0848	4.2003	7.2995	7.3647	0.8585	1.4123	0.0000	0.0000	0.0000	0.0000	0.0000	0.0000	1.7460	1.7372	0.0000	0.0000	3.2191	3.1809	1.5931	1.5848	0.0000	0.0000	0.0000	0.0000	278.2787	0.8972	5.1032	5.0229	5.1815	5.1024	0.0000	0.0000	0.0000	0.0000	0.0000	0.0000	0.0000	0.0000	2.2440	2.2197	0.0000	0.0000	4.1003	4.0202	2.0481	2.0279	0.0000	0.1671	0.0000	0.0000	0.0701	9.0863	3.5576	4.8179	9.7579	10.2846	1.0743	0.0000	0.0000	0.0000	0.0000	0.0000	0.0000	0.0000	1.4077	1.3952	0.0000	0.0000	2.8032	2.7616	1.2895	1.2790	0.0000	0.7635	0.0000	3.3794	0.0647	6.4872	5.6124	5.5349	8.5781	8.5275	0.0000	0.0000	0.0000	0.0000	0.0000	0.0000	0.0000	0.0000	2.4947	2.4729	0.0000	0.0000	4.4883	4.4117	2.2651	2.2468	0.0000	0.0900	0.0000	0.0000	0.0111	6.5995	4.1098	4.9342	7.7746	8.2401	0.7524	0.0000	0.0000	0.0000	0.0000	0.0000	0.0000	0.0000	1.7440	1.7310	0.0000	0.0000	3.2706	3.2257	1.6083	1.5968	0.0000	0.0000	0.0000	2.8974	0.0004	14.8137	6.8114	5.7241	16.3046	15.8812	0.0000	0.0000	0.0000	0.0000	0.0000	0.0000	0.0000	0.0000	2.5466	2.5324	0.0000	0.0000	4.6602	4.5975	2.2974	2.2837	0.0000	0.0000	3.5937	0.0000	0.0747	1.8983	5.3561	5.1589	5.6825	5.4970	0.0144	0.1486	0.0000	0.0000	0.0000	0.0000	0.0000	0.0000	2.3054	2.2824	0.0000	0.0000	4.1897	4.1158	2.1062	2.0873	0.9411	0.2931	0.7053	0.0000	0.0030	5.7477	11.1998	6.5692	12.5886	8.7287	2.1003	1.9655	0.0000	0.0000	0.0000	0.0000	0.0000	0.0000	1.5348	1.5254	0.0000	0.0000	2.9389	2.9022	1.4101	1.4015	2.1271	0.0000	10.1744	5.1553	0.0000	23.4778	11.2836	24.0548	26.0486	33.6131	0.0000	0.0000	0.0000	0.0000	0.0000	0.0000	0.0000	0.0000	3.8460	3.7819	0.0000	0.0000	6.5233	6.3194	3.6118	3.5478	7.5452	3.1602	0.0000	22.4013
18	1700.0000	1800.0000	26.9340	0.0000	9.3221	15.7990	0.7514	1.0616	11.0817	10.5159	4.0124	15.2771	11.7857	0.0000	0.0000	0.0000	0.0000	0.0000	0.0000	0.0000	0.0000	0.9521	0.9460	0.0000	0.0000	1.9867	1.9586	0.9165	0.9102	0.0000	0.3814	10.2417	3.2240	30.6179	12.8605	3.4943	33.2092	30.8166	0.0000	0.0000	0.0000	0.0000	0.0000	0.0000	0.0000	0.0000	1.4471	1.4342	0.0000	0.0000	2.9296	2.8664	1.4061	1.3919	0.0000	0.0000	12.3588	0.0000	5.1398	9.4152	7.8446	10.7268	9.3784	1.7274	2.1418	0.0000	0.0000	0.0000	0.0000	0.0000	0.0000	0.6508	0.6483	0.0000	0.0000	1.4380	1.4284	0.6229	0.6208	0.0000	0.7254	9.0985	7.3197	25.8575	9.2787	5.8167	27.4719	26.5037	9.0534	2.5239	0.0000	0.0000	0.0000	0.0000	0.0000	0.0000	0.8413	0.8404	0.0000	0.0000	1.6789	1.6729	0.7773	0.7759	0.0191	0.0000	0.0000	4.8329	24.0059	31.9402	11.3341	39.9557	26.5470	5.3476	5.1390	0.0000	0.0000	0.0000	0.0000	0.0000	0.0000	1.1673	1.1646	0.0000	0.0000	2.0915	2.0798	1.0856	1.0829	4.6833	0.0000	31.0279	9.7569	14.1848	5.3739	5.9990	5.5554	8.0540	7.7292	0.0000	0.0000	0.0000	0.0000	0.0000	0.0000	0.0000	0.0000	1.8802	1.8662	0.0000	0.0000	3.3948	3.3444	1.6341	1.6228	1.8791	0.0000	3.8376	3.6825	411.9324	0.7310	5.4539	5.3563	5.5027	5.4060	0.0000	0.0000	0.0000	0.0000	0.0000	0.0000	0.0000	0.0000	2.4056	2.3769	0.0000	0.0000	4.3762	4.2823	2.1925	2.1687	0.0000	0.0000	0.0000	0.0000	0.0601	9.4031	12.8910	15.6070	15.9561	18.2208	4.8083	4.6665	0.0000	0.0000	0.0000	0.0000	0.0000	0.0000	2.1363	2.1231	0.0000	0.0000	3.7611	3.7134	1.9418	1.9304	1.8491	2.5700	10.8240	13.8988	0.0802	5.7069	5.7199	5.6390	8.0800	8.0229	0.0000	0.0000	0.0000	0.0000	0.0000	0.0000	0.0000	0.0000	2.5684	2.5433	0.0000	0.0000	4.5415	4.4589	2.3443	2.3239	0.0000	0.2182	0.0000	0.0000	0.0090	7.1940	11.9829	7.4218	13.9765	10.3361	0.0000	0.0000	0.0000	0.0000	0.0000	0.0000	0.0000	0.0000	1.6776	1.6688	0.0000	0.0000	3.2926	3.2544	1.5725	1.5640	2.8439	1.2297	10.9258	6.1440	0.0009	12.2410	5.5043	5.8952	13.4216	13.5866	0.0000	0.0000	0.0000	0.0000	0.0000	0.0000	0.0000	0.0000	2.3657	2.3481	0.0000	0.0000	4.4531	4.3778	2.1607	2.1450	0.4494	2.3394	0.0000	0.0000	0.0725	1.9267	5.4921	5.6885	5.8202	6.0059	0.0000	0.0000	0.0000	0.0000	0.0000	0.0000	0.0000	0.0000	2.4399	2.4127	0.0000	0.0000	4.3916	4.3054	2.2190	2.1963	0.0000	0.0492	0.0000	1.7817	0.0028	6.0441	5.3845	8.5683	8.0947	10.4856	0.0000	0.0000	0.0000	0.0000	0.0000	0.0000	0.0000	0.0000	1.8582	1.8434	0.0000	0.0000	3.3567	3.3071	1.6819	1.6686	0.4796	1.4746	3.3487	7.3568	0.0000	23.0627	12.2954	6.8338	26.1355	24.0539	10.5573	2.9374	0.0000	0.0000	0.0000	0.0000	0.0000	0.0000	2.7670	2.7277	0.0000	0.0000	5.0274	4.9021	2.6060	2.5693	0.0000	0.0000	0.0000	0.0000
19	1800.0000	1900.0000	22.3582	0.0000	8.0139	13.2193	0.3966	0.7283	13.0815	16.7144	25.1242	21.2249	28.3258	16.4966	6.9740	0.0000	0.0000	0.0000	0.0000	0.0000	0.0000	1.1315	1.1272	0.0000	0.0000	2.0618	2.0445	1.0119	1.0086	0.8240	0.0000	0.0000	24.0025	35.2357	46.2607	53.0452	58.1516	63.6816	46.0756	19.0789	0.0000	0.0000	0.0000	0.0000	0.0000	0.0000	2.0065	1.9976	0.0000	0.0000	3.1939	3.1609	1.6912	1.6851	0.0000	0.0000	0.0000	49.3251	5.5168	2.8299	9.0476	6.2003	10.5969	0.0000	0.0000	0.0000	0.0000	0.0000	0.0000	0.0000	0.0000	0.6067	0.6050	0.0000	0.0000	1.3846	1.3766	0.6052	0.6035	1.5326	0.0000	1.7344	8.9013	29.1625	32.0623	7.2921	43.3410	30.0603	0.1944	0.8168	0.0000	0.0000	0.0000	0.0000	0.0000	0.0000	0.6098	0.6088	0.0000	0.0000	1.1795	1.1743	0.5373	0.5363	0.0000	0.0000	32.0297	7.1043	25.8902	7.7960	29.3195	27.0385	39.1144	4.0145	5.3828	0.0000	0.0000	0.0000	0.0000	0.0000	0.0000	1.3134	1.3098	0.0000	0.0000	2.3770	2.3573	1.1774	1.1738	0.0000	0.4660	5.9916	28.6670	20.1958	4.5318	4.3723	4.5775	6.2971	6.4413	0.8092	0.8441	0.0000	0.0000	0.0000	0.0000	0.0000	0.0000	1.9051	1.8823	0.0000	0.0000	3.4411	3.3693	1.6929	1.6742	0.3542	0.0000	0.0000	1.5945	587.1154	0.6152	5.6875	5.5812	5.7206	5.6150	0.0273	0.0971	0.0000	0.0000	0.0000	0.0000	0.0000	0.0000	2.5179	2.4857	0.0000	0.0000	4.5552	4.4527	2.2928	2.2661	0.0000	0.0000	0.0000	0.0000	0.0466	10.7049	8.8055	6.0177	13.8611	12.2803	3.7529	2.9729	0.0000	0.0000	0.0000	0.0000	0.0000	0.0000	2.0882	2.0794	0.0000	0.0000	3.8888	3.8496	1.8853	1.8761	4.4184	1.6099	4.5708	1.4557	0.0938	5.1349	6.4547	6.0550	8.2480	7.9391	0.0258	0.7361	0.0000	0.0000	0.0000	0.0000	0.0000	0.0000	2.7058	2.6749	0.0000	0.0000	4.8858	4.7816	2.4970	2.4702	2.0578	0.0000	0.0000	0.0000	0.0074	8.0035	8.8844	4.7617	11.9578	9.3129	0.0000	0.0000	0.0000	0.0000	0.0000	0.0000	0.0000	0.0000	1.8205	1.8085	0.0000	0.0000	3.2944	3.2497	1.6320	1.6221	0.0000	0.0000	7.8805	2.4924	0.0009	11.1588	9.0316	6.4507	14.3558	12.8892	1.2091	0.9355	0.0000	0.0000	0.0000	0.0000	0.0000	0.0000	2.9824	2.9464	0.0000	0.0000	5.1462	5.0345	2.6172	2.5901	4.1645	0.0000	4.5318	0.0000	0.0697	1.9779	6.0893	5.7698	6.4024	6.0994	0.0000	0.0000	0.0000	0.0000	0.0000	0.0000	0.0000	0.0000	2.5801	2.5505	0.0000	0.0000	4.6172	4.5219	2.3522	2.3273	0.0000	0.2335	1.8896	0.9316	0.0019	7.4829	12.8073	4.7334	14.8331	8.8543	0.0000	0.0000	0.0000	0.0000	0.0000	0.0000	0.0000	0.0000	2.1338	2.1191	0.0000	0.0000	3.7982	3.7459	1.9122	1.9001	0.0000	0.0000	11.8908	0.5212	0.0000	18.7114	6.5846	17.0985	19.8361	25.3471	0.0000	0.4922	0.0000	0.0000	0.0000	0.0000	0.0000	0.0000	2.9358	2.8894	0.0000	0.0000	5.2473	5.1098	2.6841	2.6472	0.0000	0.9918	0.0000	15.8008
20	1900.0000	2000.0000	12.9856	0.0000	3.1697	8.9374	0.2591	0.6195	10.4633	5.9274	6.1126	12.0256	12.1179	4.9201	4.8773	0.0000	0.0000	0.0000	0.0000	0.0000	0.0000	1.4691	1.4341	0.0000	0.0000	2.6280	2.5447	1.3647	1.3361	0.0000	1.8051	0.0000	0.0000	38.1166	24.0802	23.6881	45.0858	44.8776	23.0099	22.7006	0.0000	0.0000	0.0000	0.0000	0.0000	0.0000	3.4192	3.2855	0.0000	0.0000	5.3744	5.0841	3.1346	3.0273	0.0000	0.0000	0.0000	0.0000	6.5894	8.5661	3.3404	10.8073	7.3877	0.0000	0.0000	0.0000	0.0000	0.0000	0.0000	0.0000	0.0000	0.8148	0.8115	0.0000	0.0000	1.7021	1.6852	0.7696	0.7664	0.0000	1.9882	8.3201	1.7662	33.5967	2.6777	40.9134	33.7033	52.9400	1.7266	1.2024	0.0000	0.0000	0.0000	0.0000	0.0000	0.0000	0.7767	0.7751	0.0000	0.0000	1.6775	1.6693	0.7895	0.7876	0.3850	24.3888	0.0000	32.7665	28.8956	4.1839	2.8527	29.1969	29.0360	0.0000	0.0000	0.0000	0.0000	0.0000	0.0000	0.0000	0.0000	1.2209	1.2184	0.0000	0.0000	2.3307	2.3180	1.1348	1.1314	3.0487	0.0000	0.0000	0.0000	29.8846	3.7222	4.6242	4.8004	5.9362	6.0744	0.0000	0.0000	0.0000	0.0000	0.0000	0.0000	0.0000	0.0000	2.0232	1.9995	0.0000	0.0000	3.7019	3.6258	1.8365	1.8168	0.0000	1.2196	0.4619	1.0537	752.9293	0.5420	5.8628	5.7510	5.8878	5.7764	0.0000	0.0000	0.0000	0.0000	0.0000	0.0000	0.0000	0.0000	2.5986	2.5650	0.0000	0.0000	4.6929	4.5856	2.3657	2.3380	0.0000	0.0000	0.0000	0.0000	0.0417	11.0813	10.9541	5.4339	15.5816	12.3419	0.1104	1.5459	0.0000	0.0000	0.0000	0.0000	0.0000	0.0000	2.4250	2.4004	0.0000	0.0000	4.1969	4.1220	2.1137	2.0939	2.2169	0.0000	9.3329	0.0000	0.1322	4.4180	6.3393	6.1417	7.7270	7.5657	0.6304	0.0000	0.0000	0.0000	0.0000	0.0000	0.0000	0.0000	2.8019	2.7692	0.0000	0.0000	4.9720	4.8662	2.5518	2.5240	0.8404	0.0293	0.0000	0.0000	0.0068	8.6369	5.5678	17.9720	10.2760	19.9397	0.0000	0.0308	0.0000	0.0000	0.0000	0.0000	0.0000	0.0000	2.2043	2.1900	0.0000	0.0000	3.9026	3.8547	1.9873	1.9754	0.4263	3.8407	2.6038	16.8726	0.0013	9.5094	7.1086	11.6064	11.8727	15.0045	2.3146	0.7981	0.0000	0.0000	0.0000	0.0000	0.0000	0.0000	3.0211	2.9909	0.0000	0.0000	5.3298	5.2304	2.7642	2.7401	0.0000	1.0870	0.0000	9.4382	0.0657	2.0486	6.1063	6.0561	6.4408	6.3932	0.0000	0.0000	0.0000	0.0000	0.0000	0.0000	0.0000	0.0000	2.7352	2.7019	0.0000	0.0000	4.8639	4.7598	2.4777	2.4503	0.0976	0.0000	0.0000	0.8466	0.0018	7.5853	8.1996	16.0219	11.1700	17.7267	0.0000	0.0000	0.0000	0.0000	0.0000	0.0000	0.0000	0.0000	2.0699	2.0496	0.0000	0.0000	3.7473	3.6790	1.8380	1.8207	1.4822	1.7342	6.5827	15.2526	0.0000	18.1081	34.3895	8.2825	38.8656	19.9124	8.1159	3.7392	0.0000	0.0000	0.0000	0.0000	0.0000	0.0000	3.4263	3.3856	0.0000	0.0000	5.8933	5.7744	3.1685	3.1325	2.1689	0.0000	32.4893	0.0000
21	2000.0000	2100.0000	10.7907	0.0000	3.3437	6.6772	0.1198	0.6500	15.9211	3.5846	3.7630	16.3196	16.3597	0.9835	0.0000	0.0000	0.0000	0.0000	0.0000	0.0000	0.0000	1.1705	1.1639	0.0000	0.0000	2.9386	2.9101	1.0492	1.0447	0.8808	1.8015	0.0000	0.0000	48.4441	5.9249	11.1918	48.8051	49.7201	0.0000	0.0000	0.0000	0.0000	0.0000	0.0000	0.0000	0.0000	1.7334	1.7171	0.0000	0.0000	5.4663	5.4001	1.4899	1.4805	0.0000	9.5370	0.0000	0.0000	7.9306	6.2475	4.2007	10.0958	8.9744	3.2018	2.7129	0.0000	0.0000	0.0000	0.0000	0.0000	0.0000	0.8550	0.8532	0.0000	0.0000	1.7042	1.6947	0.7915	0.7896	1.3756	0.0000	4.7566	2.4622	37.6099	44.1001	1.3718	57.9597	37.6350	0.0000	0.0000	0.0000	0.0000	0.0000	0.0000	0.0000	0.0000	0.6045	0.6037	0.0000	0.0000	1.1341	1.1268	0.4984	0.4976	0.0000	0.0000	44.0786	0.0000	32.7042	4.1240	18.6742	32.9631	37.6602	0.0000	0.0000	0.0000	0.0000	0.0000	0.0000	0.0000	0.0000	1.6196	1.6131	0.0000	0.0000	2.9484	2.9152	1.5309	1.5246	0.5130	0.0000	1.7562	18.3113	40.0236	3.1868	5.2204	4.7223	6.1162	5.6970	0.0256	0.1106	0.0000	0.0000	0.0000	0.0000	0.0000	0.0000	2.1213	2.0964	0.0000	0.0000	3.8449	3.7673	1.9293	1.9085	0.0000	0.2415	2.0607	0.0000	513.7769	0.6550	15.1834	16.1165	15.1975	16.1299	0.0000	0.0000	0.0000	0.0000	0.0000	0.0000	0.0000	0.0000	2.6705	2.6354	0.0000	0.0000	4.8084	4.6967	2.4250	2.3963	0.0347	0.1013	13.9428	14.9996	0.0515	11.4720	5.7345	9.1368	12.8254	14.6659	0.0000	0.0000	0.0000	0.0000	0.0000	0.0000	0.0000	0.0000	2.6281	2.5901	0.0000	0.0000	4.5176	4.4184	2.3599	2.3307	0.0000	0.3131	0.0000	7.1917	0.1704	4.0176	6.3981	6.2719	7.5549	7.4483	0.3163	0.1641	0.0000	0.0000	0.0000	0.0000	0.0000	0.0000	2.8551	2.8182	0.0000	0.0000	5.0848	4.9692	2.6133	2.5834	0.0000	0.0000	0.0000	0.0000	0.0048	9.7039	6.6279	5.1419	11.7514	10.9820	0.0000	0.0000	0.0000	0.0000	0.0000	0.0000	0.0000	0.0000	2.2774	2.2673	0.0000	0.0000	4.1692	4.1234	2.0822	2.0727	0.6591	0.0000	4.0732	0.0000	0.0013	9.4671	6.4980	6.3430	11.4826	11.3956	1.0871	2.0962	0.0000	0.0000	0.0000	0.0000	0.0000	0.0000	2.6813	2.6576	0.0000	0.0000	4.8632	4.7758	2.4637	2.4429	1.7261	0.0000	1.0735	0.0000	0.0630	2.2029	6.5775	6.2177	6.9366	6.5964	0.0000	0.0000	0.0000	0.0000	0.0000	0.0000	0.0000	0.0000	2.7703	2.7381	0.0000	0.0000	4.9171	4.8137	2.5348	2.5076	0.2591	0.2230	2.2177	1.2858	0.0012	8.8808	8.7803	6.1234	12.4885	10.7872	0.0037	2.1636	0.0000	0.0000	0.0000	0.0000	0.0000	0.0000	2.2456	2.2287	0.0000	0.0000	4.1162	4.0530	2.0545	2.0394	0.6587	0.0000	7.1030	2.6948	0.0000	14.4468	7.0651	22.3274	16.0818	26.5937	0.0000	0.0000	0.0000	0.0000	0.0000	0.0000	0.0000	0.0000	3.1489	3.1046	0.0000	0.0000	5.6283	5.4975	2.8846	2.8487	0.0000	1.1356	0.0000	21.1955
22	2100.0000	2200.0000	8.3192	0.0000	2.2949	5.6000	0.1364	0.2879	16.9806	29.3232	25.1402	33.8850	30.3376	10.4941	7.7883	0.0000	0.0000	0.0000	0.0000	0.0000	0.0000	1.0179	1.0157	0.0000	0.0000	2.1673	2.1547	0.9695	0.9671	2.4604	0.0000	27.1476	23.7647	57.7616	80.7742	65.6585	99.3019	87.4497	22.5913	22.9865	0.0000	0.0000	0.0000	0.0000	0.0000	0.0000	1.0919	1.0897	0.0000	0.0000	2.6179	2.6019	1.0509	1.0484	0.0000	0.0000	77.4916	61.4297	8.4929	8.9458	10.3433	12.3352	13.3834	5.1076	1.4776	0.0000	0.0000	0.0000	0.0000	0.0000	0.0000	0.9317	0.9303	0.0000	0.0000	1.9037	1.8941	0.8888	0.8868	3.7481	2.7910	5.8830	9.5797	34.6602	2.4559	11.5938	34.7471	36.5479	0.0000	0.0000	0.0000	0.0000	0.0000	0.0000	0.0000	0.0000	0.9765	0.9714	0.0000	0.0000	2.0653	2.0448	0.9007	0.8966	0.0363	0.2573	0.0000	11.3323	34.8365	62.1889	15.6373	71.2814	38.1852	24.4543	13.9121	0.0000	0.0000	0.0000	0.0000	0.0000	0.0000	2.1251	2.1088	0.0000	0.0000	3.7519	3.7095	1.9246	1.9133	0.0000	0.7583	56.9837	5.3419	39.6930	3.2354	5.5170	11.2360	6.3957	11.6925	0.0000	0.0000	0.0000	0.0000	0.0000	0.0000	0.0000	0.0000	2.3592	2.3367	0.0000	0.0000	4.2003	4.1247	2.1438	2.1249	0.0000	0.0798	1.6225	9.9626	169.6082	1.1356	24.8944	19.8180	24.9203	19.8505	0.1755	0.0909	0.0000	0.0000	0.0000	0.0000	0.0000	0.0000	2.7961	2.7565	0.0000	0.0000	5.0207	4.8961	2.5338	2.5013	1.2023	1.0596	24.0585	18.8094	0.0354	12.4456	11.7449	6.2308	17.1124	13.9182	0.0000	1.0095	0.0000	0.0000	0.0000	0.0000	0.0000	0.0000	2.9546	2.9275	0.0000	0.0000	4.7903	4.7206	2.6571	2.6361	2.8493	0.0000	9.5439	0.0000	0.1911	3.6480	6.7848	6.7510	7.7034	7.6736	0.4145	0.0000	0.0000	0.0000	0.0000	0.0000	0.0000	0.0000	3.0537	3.0089	0.0000	0.0000	5.3732	5.2382	2.7688	2.7330	0.0000	1.2707	0.0000	0.0000	0.0043	10.5412	6.2862	4.6440	12.2733	11.5189	0.0000	0.0000	0.0000	0.0000	0.0000	0.0000	0.0000	0.0000	1.8785	1.8665	0.0000	0.0000	3.7117	3.6587	1.7324	1.7215	0.1307	0.6316	4.3809	1.1553	0.0016	8.3942	9.8070	9.8079	12.9089	12.9096	1.5718	4.2711	0.0000	0.0000	0.0000	0.0000	0.0000	0.0000	3.2991	3.2435	0.0000	0.0000	5.7467	5.5826	2.9893	2.9433	0.0000	2.4366	6.3923	4.6548	0.0596	2.1260	6.2438	6.2006	6.5958	6.5550	0.4912	0.3354	0.0000	0.0000	0.0000	0.0000	0.0000	0.0000	2.7621	2.7305	0.0000	0.0000	4.9700	4.8655	2.5253	2.4987	0.0000	0.3285	0.1893	0.9244	0.0012	9.1362	8.3323	8.0986	12.3652	12.2089	0.4327	0.0000	0.0000	0.0000	0.0000	0.0000	0.0000	0.0000	2.3601	2.3356	0.0000	0.0000	4.1389	4.0700	2.1378	2.1175	0.8664	2.7572	6.4202	5.6108	0.0000	15.2381	14.9791	10.2487	21.3676	18.3640	0.4220	0.0000	0.0000	0.0000	0.0000	0.0000	0.0000	0.0000	3.1919	3.1392	0.0000	0.0000	5.6452	5.4973	3.0041	2.9557	0.0000	6.7814	13.1573	3.1997
23	2200.0000	2300.0000	8.0684	0.0000	3.5766	4.1781	0.0796	0.2340	22.1438	3.1013	10.1402	22.3599	24.3551	0.0000	0.0000	0.0000	0.0000	0.0000	0.0000	0.0000	0.0000	1.0287	1.0265	0.0000	0.0000	2.4691	2.4495	1.0502	1.0476	0.2849	0.0000	1.1308	9.7300	48.6037	3.5694	10.2777	48.7346	49.6785	0.0000	0.0000	0.0000	0.0000	0.0000	0.0000	0.0000	0.0000	1.1555	1.1544	0.0000	0.0000	3.1395	3.1142	1.2445	1.2425	0.0000	0.0000	0.0000	9.6466	9.5635	4.5502	9.9502	10.5908	13.8010	1.0217	2.5983	0.0000	0.0000	0.0000	0.0000	0.0000	0.0000	0.9565	0.9535	0.0000	0.0000	1.9523	1.9375	0.9182	0.9150	1.0318	0.0000	3.6093	9.3142	38.1194	18.1917	21.8070	42.2377	43.9162	0.0000	0.0000	0.0000	0.0000	0.0000	0.0000	0.0000	0.0000	1.0555	1.0539	0.0000	0.0000	2.2742	2.2616	0.9828	0.9810	0.0000	0.5047	17.9912	21.6357	41.8909	2.2528	14.9524	41.9515	44.4795	1.5558	3.7842	0.0000	0.0000	0.0000	0.0000	0.0000	0.0000	0.3715	0.3668	0.0000	0.0000	1.5179	1.4946	0.4612	0.4568	0.0000	0.0000	0.0000	14.3762	28.3339	3.8000	13.2345	8.2977	13.7692	9.1264	0.2067	0.1826	0.0000	0.0000	0.0000	0.0000	0.0000	0.0000	2.3805	2.3588	0.0000	0.0000	4.3591	4.2776	2.1930	2.1733	3.1123	0.0000	11.6595	6.3430	68.8473	1.7917	13.9045	12.8578	14.0194	12.9820	0.2217	0.2069	0.0000	0.0000	0.0000	0.0000	0.0000	0.0000	2.9134	2.8678	0.0000	0.0000	5.2374	5.0976	2.6506	2.6129	0.7302	1.3153	12.2396	11.0686	0.0292	13.1273	17.4604	14.4990	21.8447	19.5588	2.5159	2.3995	0.0000	0.0000	0.0000	0.0000	0.0000	0.0000	2.4078	2.3955	0.0000	0.0000	4.5305	4.4727	2.2161	2.2034	0.0000	3.5731	16.3494	12.6924	0.2618	3.2127	6.5907	6.5071	7.3321	7.2570	0.0000	0.0000	0.0000	0.0000	0.0000	0.0000	0.0000	0.0000	2.9518	2.9102	0.0000	0.0000	5.1978	5.0708	2.6587	2.6253	0.7990	1.0180	0.0000	0.4815	0.0042	11.2928	10.1455	22.4091	15.1808	25.0937	0.0000	0.0000	0.0000	0.0000	0.0000	0.0000	0.0000	0.0000	2.8338	2.8017	0.0000	0.0000	4.8352	4.7342	2.5483	2.5209	0.0000	0.0000	8.0640	21.5766	0.0017	8.0772	8.1824	8.2593	11.4975	11.5523	3.3582	3.8394	0.0000	0.0000	0.0000	0.0000	0.0000	0.0000	3.4053	3.3503	0.0000	0.0000	5.9007	5.7412	3.0429	3.0014	0.0000	0.5297	0.0000	0.0000	0.0533	2.2526	6.9402	6.4669	7.2966	6.8480	0.0000	0.0000	0.0000	0.0000	0.0000	0.0000	0.0000	0.0000	2.9297	2.8911	0.0000	0.0000	5.2291	5.1079	2.6592	2.6278	0.2634	0.2261	2.2582	0.6446	0.0010	9.7646	14.2956	7.5660	17.3122	12.3528	0.0000	1.6561	0.0000	0.0000	0.0000	0.0000	0.0000	0.0000	2.5619	2.5334	0.0000	0.0000	4.5881	4.4886	2.3180	2.2930	0.0000	0.0000	13.0911	4.7621	0.0000	14.4355	6.7330	6.5646	15.9285	15.8580	0.0000	0.0000	0.0000	0.0000	0.0000	0.0000	0.0000	0.0000	2.7539	2.7204	0.0000	0.0000	5.5502	5.4173	2.5487	2.5194	0.6696	0.0000	0.0000	0.0000
24	2300.0000	2400.0000	4.7308	0.0000	0.9533	3.4838	0.1329	0.1608	15.1458	9.7973	9.4407	18.0384	17.8472	0.0000	0.0000	0.0000	0.0000	0.0000	0.0000	0.0000	0.0000	0.9389	0.9349	0.0000	0.0000	2.0653	2.0463	0.8739	0.8706	0.0000	3.8636	9.4908	8.2692	62.1845	38.1369	19.9787	72.9475	65.3151	3.5645	0.0000	0.0000	0.0000	0.0000	0.0000	0.0000	0.0000	1.3887	1.3727	0.0000	0.0000	3.1852	3.1204	1.2116	1.2001	0.0000	0.0000	37.7912	19.6491	10.9860	3.2519	9.5980	11.4572	14.5881	0.0000	0.0000	0.0000	0.0000	0.0000	0.0000	0.0000	0.0000	0.8490	0.8478	0.0000	0.0000	1.7755	1.7676	0.7995	0.7981	0.0000	4.9246	2.4622	7.9617	42.1589	4.0157	6.7771	42.3497	42.7001	0.0000	5.4708	0.0000	0.0000	0.0000	0.0000	0.0000	0.0000	1.5328	1.5308	0.0000	0.0000	3.3675	3.3509	1.5609	1.5583	0.0000	0.0000	0.0000	0.0000	69.1372	37.1666	8.6948	78.4940	69.6818	6.7573	4.6506	0.0000	0.0000	0.0000	0.0000	0.0000	0.0000	0.0000	0.0000	0.0000	0.0000	0.6280	0.6385	0.0000	0.0000	34.4010	7.3187	12.3236	0.0000	18.3419	4.8086	14.4469	13.1730	15.2261	14.0232	1.7095	1.6545	0.0000	0.0000	0.0000	0.0000	0.0000	0.0000	2.7165	2.6810	0.0000	0.0000	4.7581	4.6554	2.4496	2.4210	0.3996	1.6737	13.0235	11.5442	38.2815	2.3539	13.5901	10.1436	13.7924	10.4132	0.0000	0.0000	0.0000	0.0000	0.0000	0.0000	0.0000	0.0000	2.8737	2.8344	0.0000	0.0000	5.1844	5.0554	2.6126	2.5801	0.8193	0.0000	11.9187	7.9149	0.0282	14.7945	6.2420	8.5516	16.0574	17.0882	0.0000	0.0000	0.0000	0.0000	0.0000	0.0000	0.0000	0.0000	2.4464	2.4172	0.0000	0.0000	4.4126	4.3211	2.2271	2.2043	2.7817	0.0000	0.8991	6.6148	0.2919	2.9802	6.8105	6.6290	7.4340	7.2681	0.1807	0.2949	0.0000	0.0000	0.0000	0.0000	0.0000	0.0000	3.0474	3.0067	0.0000	0.0000	5.3656	5.2355	2.7542	2.7214	0.8295	0.0000	0.0000	0.0000	0.0030	12.1763	13.8874	10.9287	18.4695	16.3615	0.0000	0.0000	0.0000	0.0000	0.0000	0.0000	0.0000	0.0000	2.9700	2.9331	0.0000	0.0000	5.0050	4.8838	2.6430	2.6095	0.0000	1.4368	12.3289	8.8378	0.0019	7.7828	7.2811	7.1407	10.6577	10.5622	0.2401	0.6771	0.0000	0.0000	0.0000	0.0000	0.0000	0.0000	3.3593	3.3052	0.0000	0.0000	5.7183	5.5654	2.9802	2.9381	0.3008	0.0000	0.0000	0.0000	0.0536	2.2515	6.5470	6.5965	6.9234	6.9701	0.0000	0.0000	0.0000	0.0000	0.0000	0.0000	0.0000	0.0000	2.9237	2.8880	0.0000	0.0000	5.2133	5.0975	2.6716	2.6419	0.0000	0.0000	0.0000	1.4859	0.0009	11.0633	6.2656	9.6913	12.7144	14.7078	0.0000	0.0000	0.0000	0.0000	0.0000	0.0000	0.0000	0.0000	2.9019	2.8801	0.0000	0.0000	4.9064	4.8241	2.6009	2.5822	0.0000	0.8868	0.0000	7.4095	0.0001	11.8862	7.4531	7.7572	14.0296	14.1935	0.0000	1.3359	0.0000	0.0000	0.0000	0.0000	0.0000	0.0000	3.1389	3.0916	0.0000	0.0000	5.6531	5.4953	2.8536	2.8132	2.3655	3.2740	0.0000	0.0000
25	2400.0000	2500.0000	3.9712	0.0000	1.2102	2.6393	0.1071	0.0146	31.6452	5.5141	6.4209	32.1220	32.2900	0.0000	0.0000	0.0000	0.0000	0.0000	0.0000	0.0000	0.0000	0.7161	0.7124	0.0000	0.0000	1.9326	1.9125	0.7039	0.7008	0.4113	0.0000	5.0490	6.0475	100.0000	2.0656	2.0457	100.0213	100.0209	0.0000	0.0000	0.0000	0.0000	0.0000	0.0000	0.0000	0.0000	0.2544	0.2541	0.0000	0.0000	2.0213	2.0010	0.3414	0.3408	0.0000	0.0000	0.0000	0.0000	12.5906	3.8548	5.8938	13.1675	13.9018	0.0000	0.0000	0.0000	0.0000	0.0000	0.0000	0.0000	0.0000	0.9265	0.9211	0.0000	0.0000	1.8899	1.8697	0.8654	0.8612	2.8493	0.0000	1.2500	5.4452	53.1904	53.6729	54.2950	75.5645	76.0077	0.0000	0.0000	0.0000	0.0000	0.0000	0.0000	0.0000	0.0000	0.7190	0.7176	0.0000	0.0000	1.7236	1.7141	0.6876	0.6860	0.0000	0.0000	53.6360	54.2589	215.9861	755.0968	262.8960	785.3796	340.2415	10.6290	0.0000	0.0000	0.0000	0.0000	0.0000	0.0000	0.0000	0.9489	0.9332	0.0000	0.0000	3.8501	3.7624	1.6743	1.6589	0.0000	0.0000	755.0097	262.8622	12.9361	5.6570	7.7812	12.3129	9.6202	13.5502	0.6707	0.3340	0.0000	0.0000	0.0000	0.0000	0.0000	0.0000	3.0060	2.9645	0.0000	0.0000	5.2127	5.0896	2.7351	2.7005	0.0000	0.0136	4.0508	10.4647	24.9227	2.9269	9.8483	11.4411	10.2740	11.8096	0.8487	0.7675	0.0000	0.0000	0.0000	0.0000	0.0000	0.0000	2.8152	2.7762	0.0000	0.0000	5.0845	4.9584	2.5558	2.5237	0.0727	0.4705	7.4802	9.5618	0.0162	18.5427	10.9019	5.8356	21.5101	19.4393	0.0000	0.0000	0.0000	0.0000	0.0000	0.0000	0.0000	0.0000	2.5084	2.4847	0.0000	0.0000	4.8582	4.7661	2.2919	2.2728	0.0000	0.0000	9.1490	0.0000	0.3495	2.7232	6.9389	6.7926	7.4541	7.3181	0.0000	0.0000	0.0000	0.0000	0.0000	0.0000	0.0000	0.0000	3.1172	3.0725	0.0000	0.0000	5.5103	5.3701	2.8405	2.8036	0.0000	0.0000	0.0000	0.0000	0.0022	14.3256	5.7798	6.7397	15.4476	15.8318	0.0000	0.1737	0.0000	0.0000	0.0000	0.0000	0.0000	0.0000	2.4859	2.4558	0.0000	0.0000	4.3717	4.2834	2.2766	2.2508	0.0000	3.9936	1.7122	0.0000	0.0027	6.6942	7.3613	11.3375	9.9499	13.1663	0.0000	0.0000	0.0000	0.0000	0.0000	0.0000	0.0000	0.0000	3.3595	3.3101	0.0000	0.0000	5.7794	5.6387	3.0303	2.9924	0.5633	1.7057	0.0000	8.5979	0.0475	2.3703	7.2382	6.6726	7.6164	7.0811	0.1156	0.0814	0.0000	0.0000	0.0000	0.0000	0.0000	0.0000	3.0302	2.9907	0.0000	0.0000	5.3834	5.2567	2.7534	2.7209	0.0000	0.4031	2.5757	0.6122	0.0008	11.4950	7.6324	7.9388	13.7981	13.9699	1.5784	0.5942	0.0000	0.0000	0.0000	0.0000	0.0000	0.0000	3.4761	3.4081	0.0000	0.0000	5.6264	5.4694	3.0998	3.0489	1.5534	1.3638	0.0000	3.1599	0.0001	10.6870	8.8063	10.2972	13.8478	14.8406	5.4478	3.5924	0.0000	0.0000	0.0000	0.0000	0.0000	0.0000	3.1454	3.0932	0.0000	0.0000	5.4635	5.3134	2.8510	2.8073	0.0000	0.0000	0.0000	6.8881
26	2500.0000	2600.0000	2.3926	0.0000	0.0000	2.2725	0.1063	0.0138	13.6986	1.9764	2.5908	13.8404	13.9414	0.0000	0.0000	0.0000	0.0000	0.0000	0.0000	0.0000	0.0000	0.7973	0.8068	0.0000	0.0000	1.6521	1.6617	0.7356	0.7429	0.0000	0.1533	0.0000	1.6507	0.0000	0.0000	0.0000	0.0000	0.0000	0.0000	0.0000	0.0000	0.0000	0.0000	0.0000	0.0000	0.0000	0.0000	0.0000	0.0000	0.0000	0.0000	0.0000	0.0000	0.0000	0.0000	0.0000	0.0000	0.0000	14.1743	2.0502	3.6641	14.3218	14.6403	0.0000	0.0000	0.0000	0.0000	0.0000	0.0000	0.0000	0.0000	0.7546	0.7652	0.0000	0.0000	1.5531	1.5669	0.6867	0.6950	0.0000	0.0000	0.8660	3.1467	33.0561	4.9917	9.3045	33.4309	34.3406	3.3091	1.1866	0.0000	0.0000	0.0000	0.0000	0.0000	0.0000	1.5288	1.5208	0.0000	0.0000	2.9993	2.9523	1.4589	1.4508	0.7113	0.0000	0.0000	8.4872	356.3797	211.4576	120.0982	414.3921	376.0719	34.7301	47.6714	0.0000	0.0000	0.0000	0.0000	0.0000	0.0000	2.1788	2.1430	0.0000	0.0000	7.5482	7.3156	3.1971	3.1640	208.4135	109.9222	0.0000	0.0000	8.6758	6.9272	13.9306	6.3201	15.5579	9.3771	0.0000	0.0175	0.0000	0.0000	0.0000	0.0000	0.0000	0.0000	2.7042	2.6804	0.0000	0.0000	4.9037	4.8105	2.4526	2.4321	0.0000	1.6466	12.5175	0.9952	17.7284	3.5312	7.2969	9.7162	8.1064	10.3380	0.8543	0.1652	0.0000	0.0000	0.0000	0.0000	0.0000	0.0000	2.9507	2.9053	0.0000	0.0000	5.2485	5.1112	2.6706	2.6340	0.7882	1.2552	2.9169	7.1624	0.0225	18.4470	10.7575	6.9900	21.3545	19.7269	0.0000	0.0000	0.0000	0.0000	0.0000	0.0000	0.0000	0.0000	2.6118	2.5834	0.0000	0.0000	4.9167	4.8111	2.2345	2.2139	6.7090	0.0000	5.8927	3.7599	0.4254	2.4651	7.1507	7.1262	7.5637	7.5405	0.2526	0.4345	0.0000	0.0000	0.0000	0.0000	0.0000	0.0000	3.2023	3.1537	0.0000	0.0000	5.6540	5.5001	2.8960	2.8566	0.6785	1.4957	0.0000	0.0000	0.0025	13.0350	16.9584	10.8383	21.3893	16.9523	7.2634	5.1108	0.0000	0.0000	0.0000	0.0000	0.0000	0.0000	2.8991	2.8719	0.0000	0.0000	5.0200	4.9400	2.6355	2.6137	3.5806	0.0000	13.4707	7.2018	0.0027	6.2846	7.5710	7.4424	9.8395	9.7409	2.7727	2.7830	0.0000	0.0000	0.0000	0.0000	0.0000	0.0000	3.1294	3.0888	0.0000	0.0000	5.6327	5.4954	2.8464	2.8114	0.0978	0.0000	0.0000	0.0000	0.0463	2.4497	7.0009	7.6176	7.4171	8.0018	0.0000	0.0000	0.0000	0.0000	0.0000	0.0000	0.0000	0.0000	3.1243	3.0794	0.0000	0.0000	5.4948	5.3590	2.8296	2.7928	0.0000	0.5487	1.0255	3.4241	0.0007	12.5529	12.8695	22.2070	17.9778	25.5093	3.0921	2.5790	0.0000	0.0000	0.0000	0.0000	0.0000	0.0000	2.5062	2.4818	0.0000	0.0000	4.5240	4.4384	2.2730	2.2525	0.0000	4.7118	11.1422	20.8174	0.0001	10.6129	7.8396	7.7162	13.1944	13.1215	1.3475	1.7003	0.0000	0.0000	0.0000	0.0000	0.0000	0.0000	3.4941	3.4289	0.0000	0.0000	6.1378	5.9539	3.1244	3.0728	0.0000	0.0000	0.0000	0.0000
27	2600.0000	2700.0000	4.0523	0.0000	2.4798	1.4347	0.0608	0.0769	43.7211	15.5964	12.1668	46.4197	45.3825	13.6822	9.8934	0.0000	0.0000	0.0000	0.0000	0.0000	0.0000	3.3327	3.3065	0.0000	0.0000	5.4795	5.3883	3.2155	3.1914	2.1388	0.0000	0.0000	0.0000	70.8217	26.5644	20.9676	75.6398	73.8603	24.5019	18.3629	0.0000	0.0000	0.0000	0.0000	0.0000	0.0000	4.8987	4.8574	0.0000	0.0000	7.6770	7.5378	4.7315	4.6936	0.0000	0.0000	0.0000	0.0000	16.0091	32.4350	19.1705	36.1707	24.9759	0.0000	0.0000	0.0000	0.0000	0.0000	0.0000	0.0000	0.0000	0.7933	0.7912	0.0000	0.0000	1.8988	1.8849	0.7633	0.7610	5.9732	0.0000	31.8046	19.0460	36.8718	94.7158	19.0811	101.6396	41.5165	0.0000	0.0000	0.0000	0.0000	0.0000	0.0000	0.0000	0.0000	1.6400	1.6365	0.0000	0.0000	2.8639	2.8450	1.3649	1.3617	0.0000	18.7403	94.6485	0.5122	44.8263	4.3371	4.0800	45.0356	45.0116	0.2957	0.0000	0.0000	0.0000	0.0000	0.0000	0.0000	0.0000	1.5493	1.5439	0.0000	0.0000	3.4893	3.4479	1.5458	1.5409	1.3261	0.0000	0.0000	0.0000	7.5638	7.9328	6.4028	10.8877	10.1944	13.4712	0.0579	0.0000	0.0000	0.0000	0.0000	0.0000	0.0000	0.0000	2.7258	2.6887	0.0000	0.0000	4.7848	4.6829	2.4067	2.3783	0.0000	1.4267	2.2082	9.0384	11.5643	4.2408	17.2471	7.7775	17.7608	8.8585	1.1655	1.3120	0.0000	0.0000	0.0000	0.0000	0.0000	0.0000	2.8540	2.8128	0.0000	0.0000	5.1546	5.0265	2.6013	2.5680	0.9388	0.0000	15.9293	4.3583	0.0150	17.9026	34.0859	12.0246	38.5013	21.5661	0.0000	2.3827	0.0000	0.0000	0.0000	0.0000	0.0000	0.0000	2.5704	2.5460	0.0000	0.0000	4.5969	4.5205	2.3739	2.3548	7.7198	1.4271	32.6937	10.2184	0.5029	2.2730	7.5718	7.3322	7.9056	7.6765	0.9532	0.0000	0.0000	0.0000	0.0000	0.0000	0.0000	0.0000	3.3995	3.3429	0.0000	0.0000	5.9489	5.7783	3.0786	3.0329	0.0065	0.0000	0.0000	0.0000	0.0020	16.3080	5.6064	21.1644	17.2448	26.7186	0.0000	0.0000	0.0000	0.0000	0.0000	0.0000	0.0000	0.0000	2.4568	2.4332	0.0000	0.0000	4.4938	4.4228	2.2807	2.2601	0.0000	8.7145	0.0000	18.4770	0.0033	5.8607	8.2437	7.7154	10.1147	9.6889	3.7160	3.0591	0.0000	0.0000	0.0000	0.0000	0.0000	0.0000	3.2837	3.2296	0.0000	0.0000	5.7537	5.5985	2.9395	2.8975	0.0000	0.0000	1.2734	0.0000	0.0438	2.5148	7.3029	7.3106	7.7237	7.7311	0.0000	0.0000	0.0000	0.0000	0.0000	0.0000	0.0000	0.0000	3.2301	3.1850	0.0000	0.0000	5.6246	5.4877	2.9346	2.8975	0.2800	0.0000	1.6039	2.1886	0.0004	16.2015	37.8600	6.8774	41.1809	17.6008	1.1722	1.1295	0.0000	0.0000	0.0000	0.0000	0.0000	0.0000	3.1450	3.0918	0.0000	0.0000	5.4858	5.3327	2.8771	2.8330	2.0990	0.0000	37.1394	0.0000	0.0001	9.7616	9.7874	8.1036	13.8233	12.6869	1.3780	2.3157	0.0000	0.0000	0.0000	0.0000	0.0000	0.0000	3.5866	3.5202	0.0000	0.0000	6.2696	6.0681	3.2380	3.1843	0.0000	0.9757	5.5891	0.0000
28	2700.0000	2800.0000	4.0755	0.0000	2.5324	1.4413	0.0173	0.0845	37.9067	56.8248	31.9424	68.3079	49.5705	16.3425	12.8839	0.0000	0.0000	0.0000	0.0000	0.0000	0.0000	1.6478	1.6387	0.0000	0.0000	3.3691	3.3283	1.5029	1.4956	0.0000	1.5331	54.2739	28.9132	60.2207	101.7456	47.1075	118.2316	76.4569	27.1977	19.6512	0.0000	0.0000	0.0000	0.0000	0.0000	0.0000	1.9416	1.9281	0.0000	0.0000	4.0653	4.0079	1.7410	1.7306	0.0000	0.0000	97.9241	42.5461	16.8192	2.7129	8.0904	17.0366	18.6638	0.0000	2.3953	0.0000	0.0000	0.0000	0.0000	0.0000	0.0000	1.1350	1.1335	0.0000	0.0000	2.2012	2.1885	1.1075	1.1055	0.0000	4.3025	0.0000	5.8231	65.9764	91.3663	11.2048	112.6974	66.9211	0.0000	4.8489	0.0000	0.0000	0.0000	0.0000	0.0000	0.0000	1.5843	1.5793	0.0000	0.0000	3.5973	3.5488	1.5960	1.5901	0.0000	0.0000	91.2678	9.1880	52.9779	36.3057	20.6844	64.2243	56.8727	0.0000	0.0000	0.0000	0.0000	0.0000	0.0000	0.0000	0.0000	1.6009	1.5953	0.0000	0.0000	2.3794	2.3558	1.0906	1.0866	0.0000	9.3194	36.1758	18.2132	4.5653	9.6093	11.1974	17.0120	14.7553	19.5384	0.0000	0.0000	0.0000	0.0000	0.0000	0.0000	0.0000	0.0000	3.2074	3.1588	0.0000	0.0000	5.6912	5.5449	2.9390	2.8959	2.4238	0.0000	8.2578	15.5016	10.0262	4.6999	6.8897	10.4279	8.3401	11.4381	1.3501	1.3978	0.0000	0.0000	0.0000	0.0000	0.0000	0.0000	3.0043	2.9597	0.0000	0.0000	5.3877	5.2463	2.7555	2.7179	0.0000	1.4345	0.0000	7.8141	0.0226	16.4628	7.2208	9.5087	17.9768	19.0116	0.0000	0.0000	0.0000	0.0000	0.0000	0.0000	0.0000	0.0000	3.1052	3.0628	0.0000	0.0000	5.3233	5.2184	2.7496	2.7198	2.5692	0.0000	0.0000	6.8121	0.5942	2.0767	7.7052	7.5284	7.9801	7.8096	0.6451	0.5693	0.0000	0.0000	0.0000	0.0000	0.0000	0.0000	3.4534	3.3955	0.0000	0.0000	6.0976	5.9160	3.1380	3.0903	0.0000	0.5239	0.0000	0.0000	0.0012	19.8351	29.2126	4.9308	35.3101	20.4388	0.0000	0.0000	0.0000	0.0000	0.0000	0.0000	0.0000	0.0000	2.1704	2.1426	0.0000	0.0000	4.0797	3.9918	1.9697	1.9463	0.0000	0.0000	28.7774	0.0000	0.0042	5.3974	7.5487	7.2754	9.2798	9.0589	1.2722	0.2547	0.0000	0.0000	0.0000	0.0000	0.0000	0.0000	3.3673	3.3140	0.0000	0.0000	5.8802	5.7189	3.0738	3.0297	0.0000	0.0000	0.0000	0.0000	0.0385	2.6306	7.7640	7.1470	8.1975	7.6158	0.1940	0.2791	0.0000	0.0000	0.0000	0.0000	0.0000	0.0000	3.3201	3.2680	0.0000	0.0000	5.7757	5.6209	2.9962	2.9542	0.5739	0.0000	2.5599	0.0000	0.0004	16.8270	6.5379	6.2909	18.0525	17.9645	0.0000	0.0000	0.0000	0.0000	0.0000	0.0000	0.0000	0.0000	2.7950	2.7719	0.0000	0.0000	4.9268	4.8284	2.6135	2.5913	1.9564	1.3651	0.0000	0.0000	0.0001	9.0117	8.2771	12.3823	12.2361	15.3145	0.0000	0.0000	0.0000	0.0000	0.0000	0.0000	0.0000	0.0000	3.7002	3.6295	0.0000	0.0000	6.4643	6.2575	3.3983	3.3385	1.1957	1.0337	0.2317	9.4222
29	2800.0000	2900.0000	0.8762	0.0000	0.0000	0.7897	0.0526	0.0340	20.0981	73.4954	9.0230	76.1939	22.0307	6.0682	7.6690	0.0000	0.0000	0.0000	0.0000	0.0000	0.0000	1.1453	1.1418	0.0000	0.0000	2.2832	2.2650	1.1001	1.0967	23.9660	3.8685	69.1567	0.0000	0.0000	0.0000	0.0000	0.0000	0.0000	0.0000	0.0000	0.0000	0.0000	0.0000	0.0000	0.0000	0.0000	0.0000	0.0000	0.0000	0.0000	0.0000	0.0000	0.0000	0.0000	0.0000	0.0000	0.0000	0.0000	22.0936	82.9616	9.0128	85.8531	23.8613	6.1092	7.5603	0.0000	0.0000	0.0000	0.0000	0.0000	0.0000	1.0528	1.0496	0.0000	0.0000	2.1337	2.1163	1.0168	1.0136	27.7039	4.1790	77.9173	0.0000	39.5721	3.0556	3.7881	39.6899	39.7530	0.0000	1.9530	0.0000	0.0000	0.0000	0.0000	0.0000	0.0000	1.2035	1.2005	0.0000	0.0000	2.5856	2.5708	1.0967	1.0938	0.0000	1.1353	0.0000	0.0000	34.7379	17.3291	20.2554	38.8203	40.2120	15.8981	19.0405	0.0000	0.0000	0.0000	0.0000	0.0000	0.0000	3.2075	3.1968	0.0000	0.0000	5.2914	5.2486	3.0430	3.0325	0.0000	0.8801	0.0000	0.0000	3.4244	11.0414	10.1151	7.3978	14.9742	13.2906	1.0564	3.5399	0.0000	0.0000	0.0000	0.0000	0.0000	0.0000	3.0385	3.0041	0.0000	0.0000	5.1816	5.0788	2.7432	2.7162	2.0048	0.0000	7.3193	0.0000	7.1728	5.7138	10.7580	8.8175	12.1812	10.5070	0.4401	0.0000	0.0000	0.0000	0.0000	0.0000	0.0000	0.0000	2.9369	2.8960	0.0000	0.0000	5.1753	5.0449	2.6614	2.6271	0.0000	0.6590	8.5468	6.0477	0.0211	18.2380	10.3009	5.4147	20.9459	19.0248	0.0000	0.0000	0.0000	0.0000	0.0000	0.0000	0.0000	0.0000	2.3685	2.3472	0.0000	0.0000	4.4376	4.3464	2.1429	2.1225	0.0000	0.0000	8.7300	0.6425	0.7137	1.9074	7.8462	7.6220	8.0747	7.8570	0.0741	0.0444	0.0000	0.0000	0.0000	0.0000	0.0000	0.0000	3.5376	3.4735	0.0000	0.0000	6.2047	6.0132	3.1927	3.1415	0.5929	0.0000	0.0000	0.0000	0.0015	16.5869	8.4208	18.1749	18.6020	24.6059	2.9267	5.5666	0.0000	0.0000	0.0000	0.0000	0.0000	0.0000	3.3062	3.2522	0.0000	0.0000	6.0219	5.8500	3.0919	3.0456	2.3643	7.3207	0.0000	13.8446	0.0049	4.8836	8.1202	7.6521	9.4757	9.0777	0.0000	0.0000	0.0000	0.0000	0.0000	0.0000	0.0000	0.0000	3.5873	3.5249	0.0000	0.0000	6.1835	5.9997	3.2265	3.1763	2.1034	0.2107	0.0000	0.0000	0.0382	2.7027	7.4963	8.3194	7.9686	8.7474	0.0000	0.0000	0.0000	0.0000	0.0000	0.0000	0.0000	0.0000	3.2859	3.2401	0.0000	0.0000	5.7181	5.5776	2.9879	2.9504	0.0000	0.4865	1.9424	4.3202	0.0004	15.7225	12.4464	6.9407	20.0527	17.1863	0.0000	0.0000	0.0000	0.0000	0.0000	0.0000	0.0000	0.0000	3.2110	3.1725	0.0000	0.0000	5.6082	5.4983	2.8362	2.8068	0.0000	0.0000	10.2522	0.0000	0.0001	8.7204	7.9753	7.6686	11.8174	11.6126	1.8653	1.5238	0.0000	0.0000	0.0000	0.0000	0.0000	0.0000	3.3888	3.3394	0.0000	0.0000	6.1475	5.9726	3.1529	3.1085	0.9538	0.0000	0.0000	0.0000
30	2900.0000	3000.0000	0.9219	0.0000	0.0000	0.8373	0.0368	0.0478	20.4738	6.3265	16.3292	21.4289	26.1881	0.0000	0.0000	0.0000	0.0000	0.0000	0.0000	0.0000	0.0000	1.1590	1.1430	0.0000	0.0000	2.2097	2.1748	0.9911	0.9798	0.0000	0.0000	5.7285	16.1136	0.0000	0.0000	0.0000	0.0000	0.0000	0.0000	0.0000	0.0000	0.0000	0.0000	0.0000	0.0000	0.0000	0.0000	0.0000	0.0000	0.0000	0.0000	0.0000	0.0000	0.0000	0.0000	0.0000	0.0000	0.0000	22.1822	7.9001	25.2077	23.5470	33.5779	0.0000	0.3881	0.0000	0.0000	0.0000	0.0000	0.0000	0.0000	0.9456	0.9444	0.0000	0.0000	1.9144	1.9056	0.8200	0.8182	0.0000	0.0000	7.5618	25.1015	42.4756	31.7400	21.4245	53.0245	47.5729	0.0000	0.0000	0.0000	0.0000	0.0000	0.0000	0.0000	0.0000	5.7828	5.4143	0.0000	0.0000	7.9692	7.3354	4.5315	4.2993	22.4073	18.9051	19.6941	0.0000	62.2510	6.5914	3.9812	62.5990	62.3782	0.0000	1.9880	0.0000	0.0000	0.0000	0.0000	0.0000	0.0000	1.3405	1.3357	0.0000	0.0000	2.9514	2.9207	1.2628	1.2581	5.5985	0.0000	0.0000	0.0000	2.2377	13.3229	21.9911	20.9033	25.7120	24.7881	0.0000	0.0000	0.0000	0.0000	0.0000	0.0000	0.0000	0.0000	2.7231	2.7036	0.0000	0.0000	4.8547	4.7854	2.5026	2.4858	0.0000	3.2029	21.1273	19.7561	4.9439	6.8243	11.5182	13.2334	13.3881	14.8893	0.0000	0.0000	0.0000	0.0000	0.0000	0.0000	0.0000	0.0000	3.1107	3.0595	0.0000	0.0000	5.4314	5.2813	2.8191	2.7772	2.4674	0.0000	8.9139	11.4086	0.0221	18.2464	11.0499	25.2099	21.3315	31.1203	0.0000	0.0000	0.0000	0.0000	0.0000	0.0000	0.0000	0.0000	3.5531	3.4993	0.0000	0.0000	5.9816	5.8179	3.0985	3.0552	0.5876	3.7674	7.9844	23.7891	0.8393	1.7308	7.9818	7.7834	8.1673	7.9735	0.0000	0.1061	0.0000	0.0000	0.0000	0.0000	0.0000	0.0000	3.6128	3.5460	0.0000	0.0000	6.3227	6.1217	3.2619	3.2079	0.1997	0.4794	0.0000	0.0000	0.0007	23.5740	54.9268	9.1331	59.7719	25.2813	12.6266	6.1145	0.0000	0.0000	0.0000	0.0000	0.0000	0.0000	3.1315	3.0921	0.0000	0.0000	5.4757	5.3438	2.8465	2.8122	0.0000	0.0000	53.0059	0.0000	0.0057	4.5181	7.3433	7.1643	8.6219	8.4700	0.0000	0.0000	0.0000	0.0000	0.0000	0.0000	0.0000	0.0000	3.2808	3.2295	0.0000	0.0000	5.8208	5.6592	2.9903	2.9474	0.5807	0.0000	0.0000	0.4292	0.0345	2.7941	7.4840	7.1966	7.9886	7.7200	0.0000	0.0000	0.0000	0.0000	0.0000	0.0000	0.0000	0.0000	3.2952	3.2463	0.0000	0.0000	5.8321	5.6787	3.0113	2.9705	1.0869	0.4259	0.9430	0.0000	0.0005	15.5397	9.8424	13.4802	18.3944	20.5717	1.4858	2.2022	0.0000	0.0000	0.0000	0.0000	0.0000	0.0000	3.2493	3.2054	0.0000	0.0000	5.6129	5.4538	2.9220	2.8838	3.6542	1.8639	5.5417	11.1828	0.0001	8.1751	9.1484	7.9563	12.2689	11.4077	0.0000	0.0000	0.0000	0.0000	0.0000	0.0000	0.0000	0.0000	3.6608	3.5914	0.0000	0.0000	6.2837	6.0830	3.2974	3.2414	0.0000	1.7017	4.4648	0.0000
31	3000.0000	3100.0000	0.7565	0.0000	0.0000	0.6307	0.0529	0.0729	22.1851	9.6890	23.5300	24.2086	32.3394	9.2985	1.5735	0.0000	0.0000	0.0000	0.0000	0.0000	0.0000	1.0230	1.0198	0.0000	0.0000	2.3132	2.2972	1.0092	1.0050	0.0000	10.0889	0.0000	21.0255	0.0000	0.0000	0.0000	0.0000	0.0000	0.0000	0.0000	0.0000	0.0000	0.0000	0.0000	0.0000	0.0000	0.0000	0.0000	0.0000	0.0000	0.0000	0.0000	0.0000	0.0000	0.0000	0.0000	0.0000	0.0000	24.7229	14.5543	21.3436	28.6888	32.6614	14.3343	5.6985	0.0000	0.0000	0.0000	0.0000	0.0000	0.0000	0.9241	0.9212	0.0000	0.0000	2.1584	2.1432	0.9184	0.9146	0.0000	12.0450	0.0000	16.4838	77.5430	6.0896	79.7235	77.7817	111.2148	0.0000	0.0000	0.0000	0.0000	0.0000	0.0000	0.0000	0.0000	2.4180	2.4121	0.0000	0.0000	5.0320	5.0039	2.4320	2.4223	0.0290	0.0202	0.0000	79.4928	63.9223	23.4810	18.0003	68.0986	66.4084	0.0000	0.0000	0.0000	0.0000	0.0000	0.0000	0.0000	0.0000	0.8660	0.8620	0.0000	0.0000	1.6793	1.6651	0.7622	0.7586	0.0000	0.4784	23.3924	17.8799	1.2109	16.9731	28.5530	14.1863	33.2169	22.1210	2.5843	1.0881	0.0000	0.0000	0.0000	0.0000	0.0000	0.0000	2.8590	2.8179	0.0000	0.0000	5.4467	5.3042	2.6882	2.6530	8.2416	0.0000	26.3743	12.5281	3.9506	7.6095	7.9043	7.7499	10.9718	10.8612	0.0000	0.0000	0.0000	0.0000	0.0000	0.0000	0.0000	0.0000	3.2012	3.1517	0.0000	0.0000	5.4880	5.3464	2.8722	2.8336	0.0000	2.4280	3.7233	2.7603	0.0228	16.5451	10.5672	8.6028	19.6317	18.6480	0.0000	1.9618	0.0000	0.0000	0.0000	0.0000	0.0000	0.0000	4.1138	4.0303	0.0000	0.0000	6.6930	6.4800	3.5153	3.4533	0.0000	0.0000	6.1308	0.0000	0.9721	1.6253	8.2540	8.0313	8.4125	8.1941	0.0000	0.1071	0.0000	0.0000	0.0000	0.0000	0.0000	0.0000	3.7454	3.6727	0.0000	0.0000	6.5281	6.3131	3.3888	3.3298	0.0000	0.2434	0.0000	0.0000	0.0016	18.1738	8.1255	17.8868	19.9075	25.4995	2.0960	0.1658	0.0000	0.0000	0.0000	0.0000	0.0000	0.0000	3.5761	3.5104	0.0000	0.0000	6.2172	6.0317	3.1920	3.1370	0.0000	1.9442	0.0000	16.0495	0.0067	4.1686	7.7266	7.5383	8.7794	8.6141	0.0000	0.0000	0.0000	0.0000	0.0000	0.0000	0.0000	0.0000	3.5098	3.4500	0.0000	0.0000	6.1067	5.9262	3.1763	3.1276	0.0000	0.1465	0.0000	0.0000	0.0334	2.8783	8.6473	8.6826	9.1137	9.1472	0.0000	0.0000	0.0000	0.0000	0.0000	0.0000	0.0000	0.0000	3.5152	3.4591	0.0000	0.0000	6.1084	5.9418	3.1867	3.1412	0.0000	0.3969	3.8666	4.2536	0.0003	21.1234	23.5462	22.4966	31.6326	30.8593	0.0000	0.0000	0.0000	0.0000	0.0000	0.0000	0.0000	0.0000	3.2509	3.1983	0.0000	0.0000	5.5662	5.4110	2.8496	2.8077	10.9033	1.3150	19.6435	21.3770	0.0001	7.8807	8.0030	11.9038	11.2318	14.2761	0.0000	0.0000	0.0000	0.0000	0.0000	0.0000	0.0000	0.0000	3.6125	3.5421	0.0000	0.0000	6.3692	6.1625	3.2297	3.1757	0.0000	0.9633	0.0000	8.9535
32	3100.0000	3200.0000	0.4942	0.0000	0.0000	0.3467	0.0027	0.1448	28.6190	51.6995	15.0897	59.0922	32.3535	23.3457	14.6374	0.0000	0.0000	0.0000	0.0000	0.0000	0.0000	1.4894	1.4845	0.0000	0.0000	3.0835	3.0558	1.3843	1.3799	19.3596	0.0000	41.7058	0.0000	0.0000	0.0000	0.0000	0.0000	0.0000	0.0000	0.0000	0.0000	0.0000	0.0000	0.0000	0.0000	0.0000	0.0000	0.0000	0.0000	0.0000	0.0000	0.0000	0.0000	0.0000	0.0000	0.0000	0.0000	0.0000	29.2671	64.8729	8.5228	71.1692	30.4827	20.0650	7.9127	0.0000	0.0000	0.0000	0.0000	0.0000	0.0000	1.4080	1.4031	0.0000	0.0000	2.5711	2.5525	1.2464	1.2419	27.5031	0.0000	55.1300	0.0000	48.5791	180.1107	3.2132	186.5470	48.6852	0.0000	0.0000	0.0000	0.0000	0.0000	0.0000	0.0000	0.0000	1.2734	1.2605	0.0000	0.0000	2.7678	2.7283	1.1465	1.1367	0.0605	0.0000	180.0812	0.0000	68.0203	32.9246	40.4458	75.5698	79.1368	31.7822	31.1988	0.0000	0.0000	0.0000	0.0000	0.0000	0.0000	1.6881	1.6836	0.0000	0.0000	4.3155	4.2665	1.7187	1.7147	0.2211	0.0000	7.0315	25.2690	1.6652	16.2058	5.9678	5.9100	17.2697	17.2498	0.0000	0.0000	0.0000	0.0000	0.0000	0.0000	0.0000	0.0000	2.6156	2.6028	0.0000	0.0000	4.8088	4.7500	2.3767	2.3646	0.0000	0.0000	0.0000	0.0000	3.0578	8.5756	15.4301	13.2403	17.6530	15.7748	0.0000	0.0000	0.0000	0.0000	0.0000	0.0000	0.0000	0.0000	3.2951	3.2347	0.0000	0.0000	5.5853	5.4213	2.9210	2.8754	1.2202	0.1907	13.6387	11.2759	0.0149	19.2718	25.4556	12.7068	31.9279	23.0838	0.0000	0.7300	0.0000	0.0000	0.0000	0.0000	0.0000	0.0000	3.9015	3.8281	0.0000	0.0000	6.8481	6.6342	3.4710	3.4089	5.7755	9.5206	23.2480	0.0000	1.2450	1.4445	8.1885	7.9685	8.3150	8.0984	0.1895	0.3452	0.0000	0.0000	0.0000	0.0000	0.0000	0.0000	3.7137	3.6437	0.0000	0.0000	6.4698	6.2620	3.3560	3.2997	0.3222	0.0000	0.0000	0.0000	0.0006	26.3909	29.0923	8.3647	39.2790	27.6848	0.0000	0.7706	0.0000	0.0000	0.0000	0.0000	0.0000	0.0000	3.5722	3.4985	0.0000	0.0000	6.5964	6.3748	3.3121	3.2492	0.8945	2.4372	27.8984	0.0000	0.0072	3.9812	7.8488	7.4886	8.8007	8.4811	0.9817	0.5414	0.0000	0.0000	0.0000	0.0000	0.0000	0.0000	3.4617	3.3978	0.0000	0.0000	6.0816	5.8934	3.1352	3.0837	1.3567	0.0000	0.0000	0.0000	0.0317	2.9213	7.6579	8.8577	8.1962	9.3270	0.0000	0.0000	0.0000	0.0000	0.0000	0.0000	0.0000	0.0000	3.4321	3.3778	0.0000	0.0000	6.0877	5.9175	3.1168	3.0720	0.3004	0.3525	0.0000	4.7403	0.0002	22.5775	19.1276	7.8638	29.5907	23.9078	0.0000	0.0000	0.0000	0.0000	0.0000	0.0000	0.0000	0.0000	3.4901	3.4466	0.0000	0.0000	6.3800	6.2106	3.4205	3.3749	0.0000	0.0000	17.3575	0.0000	0.0001	7.2046	8.2986	7.9870	10.9897	10.7563	1.0511	0.9339	0.0000	0.0000	0.0000	0.0000	0.0000	0.0000	3.5402	3.4830	0.0000	0.0000	6.5444	6.3398	3.3054	3.2552	1.2137	0.0000	0.0000	0.0000
33	3200.0000	3300.0000	0.4594	0.0000	0.0000	0.4353	0.0189	0.0052	30.3371	5.9411	31.7074	30.9134	43.8828	0.0000	0.0000	0.0000	0.0000	0.0000	0.0000	0.0000	0.0000	1.3696	1.3673	0.0000	0.0000	2.4845	2.4752	1.1942	1.1922	5.0815	0.0000	0.0000	31.5585	0.0000	0.0000	0.0000	0.0000	0.0000	0.0000	0.0000	0.0000	0.0000	0.0000	0.0000	0.0000	0.0000	0.0000	0.0000	0.0000	0.0000	0.0000	0.0000	0.0000	0.0000	0.0000	0.0000	0.0000	0.0000	31.7901	3.6208	33.6133	31.9956	46.2651	0.0000	0.0000	0.0000	0.0000	0.0000	0.0000	0.0000	0.0000	1.3812	1.3787	0.0000	0.0000	2.5211	2.5121	1.2091	1.2070	1.8397	0.0000	0.0000	33.4691	85.6919	1.6718	82.9490	85.7082	119.2629	0.0000	0.0000	0.0000	0.0000	0.0000	0.0000	0.0000	0.0000	0.9960	0.9951	0.0000	0.0000	1.1777	1.1724	0.6448	0.6438	0.0000	0.0861	0.0000	82.9322	48.2760	329.6347	7.1667	333.1511	48.8050	1.5727	5.2417	0.0000	0.0000	0.0000	0.0000	0.0000	0.0000	1.7599	1.7614	0.0000	0.0000	4.1663	4.1241	1.9503	1.9428	296.8782	0.0000	143.1630	0.0000	1.2098	18.3475	19.3561	39.4867	26.6700	43.5411	0.0000	1.3653	0.0000	0.0000	0.0000	0.0000	0.0000	0.0000	3.5547	3.4970	0.0000	0.0000	6.3066	6.1225	3.2481	3.2013	0.0000	0.0000	17.6551	38.6959	2.3791	9.4455	10.1926	17.0443	13.8963	19.4866	3.3496	1.8148	0.0000	0.0000	0.0000	0.0000	0.0000	0.0000	3.5978	3.5345	0.0000	0.0000	6.0737	5.9018	3.2342	3.1846	0.0000	2.2528	5.6899	14.9892	0.0211	16.0552	7.7053	20.3185	17.8085	25.8961	0.0000	0.0490	0.0000	0.0000	0.0000	0.0000	0.0000	0.0000	3.3931	3.3359	0.0000	0.0000	6.1942	6.0061	3.0609	3.0143	0.3495	0.0000	0.0000	18.8825	1.5303	1.3060	8.4574	8.2199	8.5577	8.3230	0.1452	0.2120	0.0000	0.0000	0.0000	0.0000	0.0000	0.0000	3.8621	3.7855	0.0000	0.0000	6.6618	6.4400	3.4848	3.4233	0.2597	0.0000	0.0000	0.0000	0.0007	22.5384	17.0347	15.9591	28.2518	27.6165	0.0000	2.7835	0.0000	0.0000	0.0000	0.0000	0.0000	0.0000	3.9340	3.8318	0.0000	0.0000	6.7655	6.4638	3.4163	3.3336	0.0000	0.0000	14.7398	13.3928	0.0085	3.6957	7.6649	7.4067	8.5094	8.2775	0.1835	0.6811	0.0000	0.0000	0.0000	0.0000	0.0000	0.0000	3.4005	3.3423	0.0000	0.0000	6.0163	5.8388	3.0651	3.0190	1.2508	0.1359	0.0000	0.0000	0.0278	3.1195	8.9395	7.5816	9.4681	8.1983	0.2918	0.0000	0.0000	0.0000	0.0000	0.0000	0.0000	0.0000	3.4547	3.3995	0.0000	0.0000	6.0235	5.8612	3.1160	3.0721	0.0763	0.0000	4.6794	1.4601	0.0002	24.4426	10.3308	23.1371	26.5361	33.6566	0.0000	0.0000	0.0000	0.0000	0.0000	0.0000	0.0000	0.0000	4.0627	3.9848	0.0000	0.0000	6.4538	6.2427	3.6171	3.5540	5.9568	0.0000	0.0000	21.6298	0.0002	6.7329	8.2537	9.0941	10.6515	11.3152	0.0000	0.0000	0.0000	0.0000	0.0000	0.0000	0.0000	0.0000	3.6635	3.6043	0.0000	0.0000	6.6013	6.3943	3.3355	3.2856	0.0000	4.2461	0.0000	0.0000
34	3300.0000	3400.0000	0.3725	0.0000	0.0000	0.2722	0.0061	0.0942	30.6766	5.0635	5.0065	31.0917	31.0825	0.0000	0.0000	0.0000	0.0000	0.0000	0.0000	0.0000	0.0000	2.1535	2.1462	0.0000	0.0000	4.0615	3.9981	2.1227	2.1150	0.0000	0.0000	0.0000	0.0000	0.0000	0.0000	0.0000	0.0000	0.0000	0.0000	0.0000	0.0000	0.0000	0.0000	0.0000	0.0000	0.0000	0.0000	0.0000	0.0000	0.0000	0.0000	0.0000	0.0000	0.0000	0.0000	0.0000	0.0000	0.0000	31.5058	8.3139	8.5779	32.5843	32.6526	0.0000	0.0000	0.0000	0.0000	0.0000	0.0000	0.0000	0.0000	1.9182	1.9120	0.0000	0.0000	3.8124	3.7394	1.8794	1.8733	4.8503	7.2410	4.8836	0.0000	73.3415	4.7167	2.2765	73.4930	73.3768	0.0000	0.0000	0.0000	0.0000	0.0000	0.0000	0.0000	0.0000	0.7072	0.7056	0.0000	0.0000	2.0612	2.0456	0.7089	0.7072	2.4558	0.0000	3.3114	0.0000	79.9968	6.4165	23.5839	80.2537	83.4008	0.0000	0.0000	0.0000	0.0000	0.0000	0.0000	0.0000	0.0000	2.9264	2.9155	0.0000	0.0000	4.9096	4.8711	2.9162	2.9039	0.0000	0.0000	0.0000	22.7055	0.7372	23.8962	16.9290	8.5802	29.2851	25.3899	9.3990	1.0661	0.0000	0.0000	0.0000	0.0000	0.0000	0.0000	3.1321	3.1007	0.0000	0.0000	5.5251	5.3940	2.8870	2.8565	12.2302	0.0000	0.0000	5.0610	1.5727	11.2649	19.2635	6.8164	22.3155	13.1667	0.0000	0.0000	0.0000	0.0000	0.0000	0.0000	0.0000	0.0000	3.0486	3.0002	0.0000	0.0000	5.6044	5.4407	2.8459	2.8038	1.8952	0.0000	17.8519	0.0000	0.0171	15.7597	20.0048	19.9971	25.4669	25.4608	9.4679	7.1460	0.0000	0.0000	0.0000	0.0000	0.0000	0.0000	4.5542	4.4722	0.0000	0.0000	7.7063	7.4621	4.1532	4.0867	2.6525	2.4959	14.3576	15.8178	1.8792	1.1735	8.4988	8.2945	8.5794	8.3771	0.0000	0.0000	0.0000	0.0000	0.0000	0.0000	0.0000	0.0000	3.8648	3.7897	0.0000	0.0000	6.7148	6.4926	3.4935	3.4329	0.0000	0.7063	0.0000	0.0000	0.0010	25.2717	8.1063	17.6203	26.5400	30.8080	0.0000	0.0000	0.0000	0.0000	0.0000	0.0000	0.0000	0.0000	3.4927	3.4226	0.0000	0.0000	6.3418	6.1590	3.0016	2.9402	2.0700	11.8177	0.0000	10.6077	0.0098	3.4543	8.0099	7.8047	8.7230	8.5349	0.6385	0.7263	0.0000	0.0000	0.0000	0.0000	0.0000	0.0000	3.6419	3.5720	0.0000	0.0000	6.3016	6.1004	3.2828	3.2267	0.0000	0.0000	0.0000	0.0000	0.0281	3.1323	7.8458	7.6762	8.4479	8.2907	0.0000	0.0056	0.0000	0.0000	0.0000	0.0000	0.0000	0.0000	3.5694	3.5115	0.0000	0.0000	6.1896	6.0168	3.2410	3.1939	0.0000	0.4363	0.0000	0.0000	0.0001	33.7855	7.9980	6.7761	34.7193	34.4583	0.3086	0.0000	0.0000	0.0000	0.0000	0.0000	0.0000	0.0000	3.1408	3.0920	0.0000	0.0000	5.5624	5.4125	2.7024	2.6571	0.0000	0.0000	3.9705	0.0000	0.0002	6.4314	8.5377	9.4334	10.6890	11.4171	0.0000	0.0000	0.0000	0.0000	0.0000	0.0000	0.0000	0.0000	3.8543	3.7839	0.0000	0.0000	6.6798	6.4621	3.4612	3.4054	1.1983	0.0000	0.0000	4.6168
35	3400.0000	3500.0000	0.4386	0.0000	0.0000	0.3666	0.0722	-0.0002	32.0493	5.0463	42.2203	32.4441	53.0067	0.0000	0.0000	0.0000	0.0000	0.0000	0.0000	0.0000	0.0000	1.3810	1.3750	0.0000	0.0000	2.6202	2.5974	1.2337	1.2288	0.0000	15.0706	3.8950	39.3101	0.0000	0.0000	0.0000	0.0000	0.0000	0.0000	0.0000	0.0000	0.0000	0.0000	0.0000	0.0000	0.0000	0.0000	0.0000	0.0000	0.0000	0.0000	0.0000	0.0000	0.0000	0.0000	0.0000	0.0000	0.0000	33.7932	3.4302	33.6215	33.9669	47.6696	0.0000	0.0000	0.0000	0.0000	0.0000	0.0000	0.0000	0.0000	1.5331	1.5268	0.0000	0.0000	2.7519	2.7286	1.3576	1.3525	0.0000	0.0000	0.0000	33.4485	91.4747	1.8533	131.4680	91.4935	160.1607	0.0000	9.0835	0.0000	0.0000	0.0000	0.0000	0.0000	0.0000	0.4508	0.4472	0.0000	0.0000	1.7345	1.7179	0.4721	0.4694	0.0000	91.4272	0.0000	94.0160	0.0000	0.0000	0.0000	0.0000	0.0000	0.0000	0.0000	0.0000	0.0000	0.0000	0.0000	0.0000	0.0000	0.0000	0.0000	0.0000	0.0000	0.0000	0.0000	0.0000	0.0000	0.0000	0.0000	0.0000	0.0000	0.6051	29.5014	8.9532	12.8661	30.8301	32.1850	0.0000	0.0000	0.0000	0.0000	0.0000	0.0000	0.0000	0.0000	3.3428	3.3025	0.0000	0.0000	5.7486	5.6214	3.0279	2.9947	0.0000	10.6800	5.1741	0.0000	1.4340	13.7189	7.2555	12.0217	15.5194	18.2409	0.1533	0.0000	0.0000	0.0000	0.0000	0.0000	0.0000	0.0000	3.3420	3.2846	0.0000	0.0000	5.7014	5.5369	2.9905	2.9461	0.0000	6.5934	0.0000	7.1361	0.0200	16.6004	24.5456	9.8752	29.6320	19.3156	0.0391	1.7003	0.0000	0.0000	0.0000	0.0000	0.0000	0.0000	4.2335	4.1383	0.0000	0.0000	7.1511	6.8984	3.7600	3.6840	5.3907	4.0425	22.1410	0.0000	2.3574	1.0510	8.5300	8.2891	8.5945	8.3555	0.0000	0.0000	0.0000	0.0000	0.0000	0.0000	0.0000	0.0000	3.8822	3.8046	0.0000	0.0000	6.7366	6.5088	3.5082	3.4454	0.0000	0.0000	0.0000	0.0000	0.0006	26.8686	25.9657	14.3691	37.3650	30.4696	1.9001	0.0000	0.0000	0.0000	0.0000	0.0000	0.0000	0.0000	3.1713	3.1289	0.0000	0.0000	5.7048	5.5866	2.8634	2.8278	0.0000	0.0000	24.8959	12.5489	0.0111	3.2776	8.2983	8.0879	8.9222	8.7268	0.9729	0.6030	0.0000	0.0000	0.0000	0.0000	0.0000	0.0000	3.7407	3.6679	0.0000	0.0000	6.5134	6.3014	3.3658	3.3077	0.4116	0.9737	0.0000	0.0000	0.0253	3.2442	8.9656	9.3791	9.5345	9.9243	0.0000	0.0000	0.0000	0.0000	0.0000	0.0000	0.0000	0.0000	3.5985	3.5390	0.0000	0.0000	6.2987	6.1186	3.2645	3.2161	0.6850	0.0000	4.0784	5.2595	0.0001	25.6923	27.1574	25.9916	37.3848	36.5466	0.0000	0.0000	0.0000	0.0000	0.0000	0.0000	0.0000	0.0000	2.8810	2.8321	0.0000	0.0000	5.4409	5.2922	2.7559	2.7120	0.0000	2.6070	26.3064	25.0076	0.0002	5.9359	8.5142	8.1606	10.3791	10.0911	0.0000	0.7426	0.0000	0.0000	0.0000	0.0000	0.0000	0.0000	3.6724	3.5987	0.0000	0.0000	6.6236	6.4009	3.3524	3.2929	1.9731	0.1262	0.0000	1.1238
36	3500.0000	3600.0000	0.1081	0.0000	0.0000	0.0867	0.0032	0.0183	48.9661	153.0257	33.8014	160.6690	59.4997	80.0028	33.3902	0.0000	0.0000	0.0000	0.0000	0.0000	0.0000	2.5122	2.5047	0.0000	0.0000	4.1123	4.0819	2.1600	2.1523	0.0000	0.2473	130.3400	0.0000	0.0000	0.0000	0.0000	0.0000	0.0000	0.0000	0.0000	0.0000	0.0000	0.0000	0.0000	0.0000	0.0000	0.0000	0.0000	0.0000	0.0000	0.0000	0.0000	0.0000	0.0000	0.0000	0.0000	0.0000	0.0000	59.9152	191.4139	35.5871	200.5720	69.6870	80.9760	35.2468	0.0000	0.0000	0.0000	0.0000	0.0000	0.0000	2.5034	2.5010	0.0000	0.0000	3.7010	3.6900	2.0607	2.0575	0.0000	0.0000	173.3723	0.0000	57.3204	48.5339	5.6034	75.1078	57.5937	0.0000	2.4940	0.0000	0.0000	0.0000	0.0000	0.0000	0.0000	1.9325	1.9278	0.0000	0.0000	4.2637	4.2261	1.9033	1.8978	7.4954	0.0000	47.6846	0.0000	55.5822	90.7883	80.9793	106.4514	98.2193	90.5065	29.9662	0.0000	0.0000	0.0000	0.0000	0.0000	0.0000	2.6548	2.6223	0.0000	0.0000	6.0372	5.9160	2.6756	2.6464	0.6628	1.4635	0.0000	74.8909	0.4159	30.6579	47.0818	28.8183	56.1837	42.0762	0.0000	0.0000	0.0000	0.0000	0.0000	0.0000	0.0000	0.0000	2.8785	2.8627	0.0000	0.0000	5.1804	5.1093	2.5777	2.5628	0.0000	0.0000	46.6362	28.1003	1.0140	15.2816	24.2644	17.2044	28.6756	23.0113	2.8749	1.5290	0.0000	0.0000	0.0000	0.0000	0.0000	0.0000	3.1518	3.0994	0.0000	0.0000	5.5119	5.3682	2.8860	2.8437	9.3834	0.0000	21.0666	15.7208	0.0330	14.1590	9.3708	12.3544	16.9791	18.7912	0.0000	0.0000	0.0000	0.0000	0.0000	0.0000	0.0000	0.0000	4.2093	4.1257	0.0000	0.0000	7.4369	7.1672	3.7399	3.6706	0.0000	0.5349	0.8936	8.3953	2.9698	0.9282	8.5793	8.3325	8.6294	8.3841	0.3931	0.4423	0.0000	0.0000	0.0000	0.0000	0.0000	0.0000	3.8897	3.8116	0.0000	0.0000	6.7705	6.5403	3.5144	3.4513	0.3613	0.1413	0.0000	0.0000	0.0004	31.5059	10.8880	13.7483	33.3343	34.3750	6.7982	10.9018	0.0000	0.0000	0.0000	0.0000	0.0000	0.0000	3.7603	3.6984	0.0000	0.0000	6.8399	6.6589	3.3779	3.3268	0.0000	0.0000	0.0000	1.0391	0.0119	3.1137	8.3491	8.0334	8.9108	8.6157	0.0000	0.4076	0.0000	0.0000	0.0000	0.0000	0.0000	0.0000	3.7238	3.6497	0.0000	0.0000	6.5525	6.3321	3.3693	3.3097	0.9395	0.0000	0.8189	0.0000	0.0263	3.2618	8.2889	8.0826	8.9076	8.7160	0.0000	0.0000	0.0000	0.0000	0.0000	0.0000	0.0000	0.0000	3.7825	3.7162	0.0000	0.0000	6.5255	6.3303	3.4374	3.3832	0.0000	0.0000	0.0000	0.0000	0.0001	36.0454	22.0401	6.7584	42.2497	36.6736	0.0000	0.0000	0.0000	0.0000	0.0000	0.0000	0.0000	0.0000	2.1404	2.1188	0.0000	0.0000	6.2861	6.1507	1.8500	1.8321	20.9344	0.0000	0.0000	0.0000	0.0002	6.0998	8.0604	7.8418	10.1083	9.9349	0.0000	0.0000	0.0000	0.0000	0.0000	0.0000	0.0000	0.0000	3.5383	3.4782	0.0000	0.0000	6.4633	6.2550	3.2566	3.2049	0.2653	0.0000	0.0000	0.0000
37	3600.0000	3700.0000	0.1600	0.0000	0.0000	0.1812	0.0041	-0.0253	61.6388	0.0825	37.3559	61.6389	72.0751	0.0000	0.0000	0.0000	0.0000	0.0000	0.0000	0.0000	0.0000	0.0000	0.0000	0.0000	0.0000	0.0000	0.0000	0.0000	0.0000	0.0825	14.5981	0.0000	34.3855	0.0000	0.0000	0.0000	0.0000	0.0000	0.0000	0.0000	0.0000	0.0000	0.0000	0.0000	0.0000	0.0000	0.0000	0.0000	0.0000	0.0000	0.0000	0.0000	0.0000	0.0000	0.0000	0.0000	0.0000	0.0000	42.3287	1.9829	32.5084	42.3751	53.3714	0.0000	0.0000	0.0000	0.0000	0.0000	0.0000	0.0000	0.0000	0.7357	0.7344	0.0000	0.0000	1.6976	1.6864	0.7134	0.7119	0.0000	12.9606	0.0000	29.7477	39.1074	32.4088	34.7798	50.7909	52.3357	31.9165	16.8566	0.0000	0.0000	0.0000	0.0000	0.0000	0.0000	2.1696	2.1605	0.0000	0.0000	3.5809	3.5469	1.9439	1.9368	3.2186	0.0000	0.0000	30.0748	0.0000	0.0000	0.0000	0.0000	0.0000	0.0000	0.0000	0.0000	0.0000	0.0000	0.0000	0.0000	0.0000	0.0000	0.0000	0.0000	0.0000	0.0000	0.0000	0.0000	0.0000	0.0000	0.0000	0.0000	0.0000	0.4607	26.0211	6.1303	5.9416	26.7334	26.6908	2.7481	2.3954	0.0000	0.0000	0.0000	0.0000	0.0000	0.0000	2.5258	2.5150	0.0000	0.0000	4.3054	4.2625	2.2611	2.2517	0.0000	0.0000	0.0000	0.0000	0.6857	18.2073	10.3565	7.3839	20.9466	19.6476	0.2620	0.0237	0.0000	0.0000	0.0000	0.0000	0.0000	0.0000	3.4231	3.3737	0.0000	0.0000	5.9570	5.7974	3.1288	3.0870	0.0000	0.0000	7.0848	0.0000	0.0460	11.4839	9.6058	9.8956	14.9717	15.1593	0.0000	0.0000	0.0000	0.0000	0.0000	0.0000	0.0000	0.0000	4.1531	4.0675	0.0000	0.0000	7.5794	7.2918	3.7152	3.6446	1.2852	0.0000	1.4564	3.8632	3.6733	0.8365	8.7886	8.5351	8.8283	8.5759	0.0107	0.0000	0.0000	0.0000	0.0000	0.0000	0.0000	0.0000	4.0022	3.9192	0.0000	0.0000	6.9340	6.6919	3.6247	3.5572	0.0533	0.2285	0.0000	0.0000	0.0003	37.1687	44.2684	32.4106	57.8031	49.3149	13.1512	11.0579	0.0000	0.0000	0.0000	0.0000	0.0000	0.0000	3.6786	3.6417	0.0000	0.0000	6.3064	6.1750	3.5541	3.5199	0.0000	15.2703	41.4825	25.1238	0.0130	2.9858	8.5486	8.3274	9.0550	8.8465	0.0000	0.3949	0.0000	0.0000	0.0000	0.0000	0.0000	0.0000	3.8798	3.8021	0.0000	0.0000	6.7588	6.5292	3.5134	3.4507	0.0000	0.4431	0.0000	0.0000	0.0251	3.2523	8.6583	8.0134	9.2490	8.6482	1.8911	1.6162	0.0000	0.0000	0.0000	0.0000	0.0000	0.0000	3.5887	3.5292	0.0000	0.0000	6.3548	6.1689	3.2565	3.2076	0.0000	0.0000	2.7426	0.8958	0.0001	31.6266	10.3524	18.6399	33.2779	36.7109	5.1099	9.0783	0.0000	0.0000	0.0000	0.0000	0.0000	0.0000	4.0322	3.9560	0.0000	0.0000	7.0754	6.8551	3.8395	3.7768	0.0000	0.0000	0.0000	13.7159	0.0002	5.6357	8.1589	8.0338	9.9160	9.8134	0.0000	0.0000	0.0000	0.0000	0.0000	0.0000	0.0000	0.0000	3.6595	3.5959	0.0000	0.0000	6.4785	6.2777	3.3473	3.2945	0.0000	1.1614	0.0000	0.0000
38	3700.0000	3800.0000	0.0837	0.0000	0.0000	0.0700	0.0121	0.0017	50.3076	45.5716	50.8400	67.8795	71.5231	0.0000	0.0000	0.0000	0.0000	0.0000	0.0000	0.0000	0.0000	1.2591	1.2575	0.0000	0.0000	2.0483	2.0410	1.0065	1.0049	0.0000	0.0000	45.4970	50.7735	0.0000	0.0000	0.0000	0.0000	0.0000	0.0000	0.0000	0.0000	0.0000	0.0000	0.0000	0.0000	0.0000	0.0000	0.0000	0.0000	0.0000	0.0000	0.0000	0.0000	0.0000	0.0000	0.0000	0.0000	0.0000	58.6637	92.6235	60.0136	109.6382	83.9230	0.0000	0.0000	0.0000	0.0000	0.0000	0.0000	0.0000	0.0000	1.1256	1.1245	0.0000	0.0000	1.7859	1.7813	0.8723	0.8713	0.0000	0.0000	92.5953	59.9703	78.0501	4.7116	6.8687	78.1922	78.3517	0.0000	0.0000	0.0000	0.0000	0.0000	0.0000	0.0000	0.0000	1.8107	1.8096	0.0000	0.0000	3.1490	3.1364	1.5571	1.5552	0.0000	0.0039	2.5652	5.6257	24.4326	6.3959	6.3089	25.2559	25.2340	0.0000	0.0000	0.0000	0.0000	0.0000	0.0000	0.0000	0.0000	2.8604	2.8319	0.0000	0.0000	5.0736	4.9920	2.6430	2.6198	0.0000	0.0000	0.0000	0.0000	0.4501	30.6246	8.1053	26.4500	31.6790	40.4656	0.0000	3.2142	0.0000	0.0000	0.0000	0.0000	0.0000	0.0000	3.6925	3.6164	0.0000	0.0000	6.3919	6.2011	3.3475	3.2879	0.0000	17.1450	0.0000	18.2477	0.7665	16.9826	25.0310	15.3441	30.2483	22.8877	0.0000	0.0000	0.0000	0.0000	0.0000	0.0000	0.0000	0.0000	2.9311	2.8976	0.0000	0.0000	5.1416	5.0348	2.6024	2.5763	14.7531	3.4873	19.1598	13.5239	0.0435	11.8790	14.0171	9.5979	18.3736	15.2719	0.0000	0.0000	0.0000	0.0000	0.0000	0.0000	0.0000	0.0000	4.5320	4.4059	0.0000	0.0000	7.6591	7.3375	4.0811	3.9749	0.0000	1.7517	10.0311	0.0000	4.5735	0.7509	8.7772	8.5208	8.8093	8.5538	0.1131	0.0727	0.0000	0.0000	0.0000	0.0000	0.0000	0.0000	3.9982	3.9150	0.0000	0.0000	6.9255	6.6839	3.6164	3.5493	0.0000	0.0000	0.0000	0.0000	0.0005	29.3961	9.1639	28.0619	30.7913	40.6399	4.5226	5.3013	0.0000	0.0000	0.0000	0.0000	0.0000	0.0000	3.4228	3.3772	0.0000	0.0000	6.5724	6.4067	2.9343	2.9016	0.0000	0.0000	0.0000	26.4291	0.0137	2.8974	9.1088	8.8113	9.5585	9.2754	0.3106	0.0000	0.0000	0.0000	0.0000	0.0000	0.0000	0.0000	4.1393	4.0483	0.0000	0.0000	7.1689	6.9056	3.7573	3.6827	0.4795	0.0000	0.0000	0.0000	0.0245	3.2847	9.7215	8.4871	10.2614	9.1006	0.6922	0.7116	0.0000	0.0000	0.0000	0.0000	0.0000	0.0000	3.7052	3.6394	0.0000	0.0000	6.4665	6.2712	3.3803	3.3262	1.0722	0.0000	5.0901	2.8086	0.0001	33.1907	7.3492	33.0734	33.9946	46.8559	0.0000	1.3041	0.0000	0.0000	0.0000	0.0000	0.0000	0.0000	2.5082	2.4780	0.0000	0.0000	4.4844	4.3799	2.1743	2.1481	0.0000	0.0000	4.7836	32.5916	0.0003	5.4288	9.1277	8.2809	10.6202	9.9018	0.0000	0.0000	0.0000	0.0000	0.0000	0.0000	0.0000	0.0000	3.9007	3.8255	0.0000	0.0000	6.7032	6.4860	3.5056	3.4453	1.2170	0.0000	3.0654	0.0000
39	3800.0000	3900.0000	0.0289	0.0000	0.0000	0.0161	0.0111	0.0017	53.0342	130.8237	26.0894	141.1647	59.1040	39.5720	25.7054	0.0000	0.0000	0.0000	0.0000	0.0000	0.0000	1.9606	1.9400	0.0000	0.0000	3.6388	3.5692	1.8594	1.8397	0.2914	0.0000	124.6125	0.0000	0.0000	0.0000	0.0000	0.0000	0.0000	0.0000	0.0000	0.0000	0.0000	0.0000	0.0000	0.0000	0.0000	0.0000	0.0000	0.0000	0.0000	0.0000	0.0000	0.0000	0.0000	0.0000	0.0000	0.0000	0.0000	73.0867	229.4320	52.4212	240.7918	89.9425	74.4810	52.3394	0.0000	0.0000	0.0000	0.0000	0.0000	0.0000	1.2640	1.2581	0.0000	0.0000	2.4329	2.4091	1.0876	1.0834	0.0000	0.0000	216.9860	0.0000	88.3587	11.0673	6.5164	89.0492	88.5987	0.0000	0.0000	0.0000	0.0000	0.0000	0.0000	0.0000	0.0000	2.8857	2.8445	0.0000	0.0000	5.2498	5.1154	2.9065	2.8645	0.0000	0.0000	8.8402	0.0000	24.3913	27.9473	18.0878	37.0943	30.3662	26.6566	17.1857	0.0000	0.0000	0.0000	0.0000	0.0000	0.0000	2.5317	2.5073	0.0000	0.0000	4.5660	4.4857	2.3493	2.3267	4.9683	0.0000	3.6080	0.0000	0.4151	33.6025	9.8833	15.0003	35.0259	36.7986	1.9673	2.6661	0.0000	0.0000	0.0000	0.0000	0.0000	0.0000	4.3451	4.2590	0.0000	0.0000	6.7957	6.6033	3.7773	3.7197	3.6937	0.0000	0.9149	11.9299	0.7700	19.4859	7.6884	24.6562	20.9478	31.4266	1.0249	0.0000	0.0000	0.0000	0.0000	0.0000	0.0000	0.0000	3.4355	3.3837	0.0000	0.0000	5.9824	5.8201	3.2356	3.1888	0.0000	6.1531	0.0000	22.6843	0.0447	11.2521	10.6284	9.5750	15.4781	14.7747	0.2724	2.0956	0.0000	0.0000	0.0000	0.0000	0.0000	0.0000	4.4557	4.3519	0.0000	0.0000	7.5244	7.2333	4.0579	3.9684	1.8531	0.5313	4.0643	0.0000	5.3553	0.7021	8.8116	8.5541	8.8396	8.5829	0.2109	0.2216	0.0000	0.0000	0.0000	0.0000	0.0000	0.0000	4.0088	3.9255	0.0000	0.0000	6.9527	6.7090	3.6318	3.5641	0.0000	0.0000	0.0000	0.0000	0.0003	38.0321	45.2286	11.1206	59.0937	39.6246	3.7639	6.8395	0.0000	0.0000	0.0000	0.0000	0.0000	0.0000	4.0366	3.9154	0.0000	0.0000	7.2712	6.9276	3.7871	3.6832	8.5637	0.0000	43.2968	0.0000	0.0159	2.7371	8.9861	8.7495	9.3937	9.1676	0.8064	0.6121	0.0000	0.0000	0.0000	0.0000	0.0000	0.0000	4.0879	4.0010	0.0000	0.0000	7.0563	6.8070	3.6759	3.6065	0.2920	0.9108	0.0000	0.0000	0.0233	3.3728	8.8936	8.2689	9.5116	8.9303	0.5593	0.2946	0.0000	0.0000	0.0000	0.0000	0.0000	0.0000	3.7977	3.7279	0.0000	0.0000	6.6256	6.4167	3.4464	3.3892	0.3252	0.4125	2.9117	1.2490	0.0001	34.4018	8.3450	7.0773	35.3995	35.1223	4.1112	0.0000	0.0000	0.0000	0.0000	0.0000	0.0000	0.0000	3.0518	3.0057	0.0000	0.0000	6.0648	5.8797	2.5771	2.5460	0.0000	0.0000	0.0000	0.0000	0.0003	4.9878	8.0042	8.5756	9.4311	9.9207	0.1320	0.6319	0.0000	0.0000	0.0000	0.0000	0.0000	0.0000	3.6363	3.5701	0.0000	0.0000	6.3381	6.1397	3.2644	3.2116	0.0000	3.5194	0.0000	0.0000
40	3900.0000	4000.0000	0.5154	0.0000	0.0000	0.3336	0.0132	0.1687	31.2498	4.7286	18.2924	31.6055	36.2100	0.0000	3.0539	0.0000	0.0000	0.0000	0.0000	0.0000	0.0000	2.2841	2.2510	0.0000	0.0000	3.4258	3.3701	1.9235	1.9026	0.0000	0.0014	1.3061	17.4712	0.0000	0.0000	0.0000	0.0000	0.0000	0.0000	0.0000	0.0000	0.0000	0.0000	0.0000	0.0000	0.0000	0.0000	0.0000	0.0000	0.0000	0.0000	0.0000	0.0000	0.0000	0.0000	0.0000	0.0000	0.0000	34.9570	3.7276	26.2183	35.1551	43.6965	0.0000	0.0000	0.0000	0.0000	0.0000	0.0000	0.0000	0.0000	1.4874	1.4745	0.0000	0.0000	2.5613	2.5408	1.3886	1.3796	0.0000	0.0000	1.7872	26.0166	28.6008	16.4822	13.1704	33.0101	31.4875	15.5824	11.6219	0.0000	0.0000	0.0000	0.0000	0.0000	0.0000	2.1050	2.0855	0.0000	0.0000	3.4121	3.3578	1.9444	1.9257	0.0036	0.0536	2.9994	4.3652	65.8308	8.2853	13.9009	66.3501	67.2824	4.2821	11.9383	0.0000	0.0000	0.0000	0.0000	0.0000	0.0000	3.8734	3.7991	0.0000	0.0000	5.1361	5.0106	2.9796	2.9348	0.0000	0.0000	0.2227	1.5999	0.8465	20.5619	33.3286	17.4464	39.1610	26.9661	13.5436	11.4028	0.0000	0.0000	0.0000	0.0000	0.0000	0.0000	3.2328	3.1831	0.0000	0.0000	5.9871	5.8407	3.0254	2.9829	0.0000	0.0000	29.5282	11.0096	2.0310	10.8957	18.5055	9.2739	21.4748	14.3081	0.3825	0.6626	0.0000	0.0000	0.0000	0.0000	0.0000	0.0000	3.3646	3.3057	0.0000	0.0000	5.7644	5.6035	3.0780	3.0265	0.1486	0.0000	16.9783	5.8378	0.4223	3.8110	11.1377	12.1991	11.7716	12.7805	0.0000	0.0000	0.0000	0.0000	0.0000	0.0000	0.0000	0.0000	4.4656	4.3647	0.0000	0.0000	7.8568	7.5605	4.0629	3.9782	0.0273	0.8266	5.0861	7.4898	15.0438	0.4147	13.9065	13.9426	13.9126	13.9487	0.0262	0.0202	0.0000	0.0000	0.0000	0.0000	0.0000	0.0000	4.0837	3.9964	0.0000	0.0000	7.0932	6.8385	3.6933	3.6226	0.1037	0.1645	10.6182	10.8861	0.0252	4.3515	11.7009	10.8663	12.4838	11.7052	0.0000	0.0000	0.0000	0.0000	0.0000	0.0000	0.0000	0.0000	4.5610	4.4468	0.0000	0.0000	7.9431	7.6193	4.1064	4.0143	0.9903	0.4233	5.9307	4.8944	1.9334	0.2467	9.6395	9.3262	9.6426	9.3295	0.0000	0.0000	0.0000	0.0000	0.0000	0.0000	0.0000	0.0000	4.3922	4.2908	0.0000	0.0000	7.5972	7.3039	3.9720	3.8900	0.0313	0.0266	0.3651	0.2953	1.6688	0.4076	9.2035	8.9594	9.2125	8.9687	0.1385	0.0591	0.0000	0.0000	0.0000	0.0000	0.0000	0.0000	4.1421	4.0567	0.0000	0.0000	7.1929	6.9459	3.7763	3.7059	0.0420	0.0512	1.2361	1.3520	0.0020	7.0774	11.1201	11.3425	13.1813	13.3694	0.0000	0.0000	0.0000	0.0000	0.0000	0.0000	0.0000	0.0000	4.8143	4.6845	0.0000	0.0000	8.2053	7.8465	4.2676	4.1630	0.0000	0.3119	3.8652	5.2643	0.1378	0.2391	9.8089	9.4795	9.8118	9.4825	0.0000	0.0000	0.0000	0.0000	0.0000	0.0000	0.0000	0.0000	4.4754	4.3676	0.0000	0.0000	7.7341	7.4244	4.0404	3.9534	0.0151	0.0320	0.2082	0.1839
